1,0.00,0.00,0.00,0.00,0.00,0.00,337751328,-843977856,1048
2,0.00,0.00,0.00,0.00,0.00,0.00,337751328,-843977856,1301
3,0.00,0.00,0.00,0.00,0.00,0.00,337751328,-843977856,1548
4,0.00,0.00,0.00,0.00,0.00,0.00,337751328,-843977856,1798
5,0.00,0.00,0.00,0.00,0.00,0.00,337751328,-843977856,2048
6,0.00,0.00,0.00,0.00,0.00,0.00,337751328,-843977856,2298
7,0.00,0.00,0.00,0.00,9999,9999,-1.00,-1.00,2799
8,0.00,0.00,0.00,0.00,9999,9999,-1.00,-1.00,3305
9,0.00,0.00,0.00,0.00,9999,9999,-1.00,-1.00,3811
10,0.00,0.00,0.00,0.00,9999,9999,-1.00,-1.00,4317
11,0.00,0.00,0.00,0.00,9999,9999,-1.00,-1.00,4823
12,-0.93,0.27,-0.12,0.04,-1.78,0.59,337751168,-843977792,5298
13,-0.99,0.29,-0.12,0.04,9999,9999,-1.00,-1.00,5799
14,-1.52,0.43,-0.18,0.05,-2.14,0.59,337751136,-843977792,6047
15,-1.89,0.52,-0.21,0.06,-2.49,0.59,337751104,-843977792,6547
16,-1.99,0.55,-0.21,0.06,9999,9999,-1.00,-1.00,7048
17,-2.10,0.58,-0.21,0.06,9999,9999,-1.00,-1.00,7555
18,-2.20,0.61,-0.21,0.06,9999,9999,-1.00,-1.00,8062
19,-3.09,0.77,-0.26,0.06,-3.92,0.59,337750976,-843977792,8297
20,-3.23,0.80,-0.26,0.06,9999,9999,-1.00,-1.00,8798
21,-3.36,0.83,-0.26,0.06,9999,9999,-1.00,-1.00,9305
22,-3.49,0.87,-0.26,0.06,9999,9999,-1.00,-1.00,9812
23,-3.62,0.90,-0.26,0.06,9999,9999,-1.00,-1.00,10320
24,-3.75,0.93,-0.26,0.06,9999,9999,-1.00,-1.00,10828
25,-3.88,0.96,-0.26,0.06,9999,9999,-1.00,-1.00,11335
26,-5.85,1.13,-0.35,0.07,-6.77,0.59,337750720,-843977792,11548
27,-6.57,1.07,-0.40,0.07,-7.48,0.59,337750656,-843977792,12046
28,-6.76,1.10,-0.40,0.07,9999,9999,-1.00,-1.00,12547
29,-7.42,1.05,-0.42,0.06,-8.19,0.59,337750592,-843977792,12795
30,-7.63,1.08,-0.42,0.06,9999,9999,-1.00,-1.00,13296
31,-7.84,1.11,-0.42,0.06,9999,9999,-1.00,-1.00,13803
32,-8.66,1.08,-0.45,0.06,-9.26,0.59,337750496,-843977792,14045
33,-8.88,1.11,-0.45,0.06,9999,9999,-1.00,-1.00,14546
34,-9.11,1.14,-0.45,0.06,9999,9999,-1.00,-1.00,15054
35,-9.33,1.17,-0.45,0.06,9999,9999,-1.00,-1.00,15561
36,-10.71,1.31,-0.49,0.06,-11.40,1.18,337750304,-843977728,16048
37,-10.96,1.34,-0.49,0.06,9999,9999,-1.00,-1.00,16549
38,-11.20,1.37,-0.49,0.06,9999,9999,-1.00,-1.00,17057
39,-12.06,1.41,-0.52,0.07,-12.47,1.18,337750208,-843977728,17295
40,-12.32,1.45,-0.52,0.07,9999,9999,-1.00,-1.00,17796
41,-12.86,1.44,-0.53,0.06,-13.18,1.18,337750144,-843977728,18044
42,-13.12,1.47,-0.53,0.06,9999,9999,-1.00,-1.00,18545
43,-13.73,1.47,-0.55,0.06,-14.25,1.18,337750048,-843977728,18794
44,-13.96,1.44,-0.56,0.06,-14.25,1.18,337750048,-843977728,19044
45,-14.20,1.43,-0.57,0.06,-14.61,1.18,337750016,-843977728,19294
46,-14.48,1.46,-0.57,0.06,9999,9999,-1.00,-1.00,19795
47,-15.19,1.48,-0.58,0.06,-15.67,1.18,337749920,-843977728,20293
48,-15.47,1.47,-0.60,0.06,-16.03,1.18,337749888,-843977728,20546
49,-15.88,1.47,-0.61,0.06,-16.39,1.18,337749856,-843977728,21044
50,-16.28,1.47,-0.62,0.06,-16.74,1.18,337749824,-843977728,21543
51,-16.59,1.50,-0.62,0.06,9999,9999,-1.00,-1.00,22044
52,-17.21,1.52,-0.64,0.06,-17.81,1.18,337749728,-843977728,22293
53,-17.64,1.52,-0.65,0.06,-18.17,1.18,337749696,-843977728,22793
54,-17.97,1.55,-0.65,0.06,9999,9999,-1.00,-1.00,23294
55,-18.30,1.58,-0.65,0.06,9999,9999,-1.00,-1.00,23802
56,-18.63,1.62,-0.65,0.06,9999,9999,-1.00,-1.00,24310
57,-18.95,1.65,-0.65,0.06,9999,9999,-1.00,-1.00,24817
58,-20.34,1.67,-0.64,0.05,-20.30,1.18,337749504,-843977728,25046
59,-20.66,1.69,-0.64,0.05,9999,9999,-1.00,-1.00,25547
60,-20.98,1.72,-0.64,0.05,9999,9999,-1.00,-1.00,26054
61,-21.73,1.66,-0.63,0.04,-21.73,1.18,337749376,-843977728,26294
62,-22.04,1.68,-0.63,0.04,9999,9999,-1.00,-1.00,26795
63,-22.36,1.70,-0.63,0.04,9999,9999,-1.00,-1.00,27302
64,-23.12,1.63,-0.63,0.03,-23.15,1.18,337749248,-843977728,27542
65,-23.44,1.65,-0.63,0.03,9999,9999,-1.00,-1.00,28043
66,-23.88,1.57,-0.63,0.03,-23.87,1.18,337749184,-843977728,28292
67,-24.19,1.58,-0.63,0.03,9999,9999,-1.00,-1.00,28793
68,-24.50,1.60,-0.63,0.03,9999,9999,-1.00,-1.00,29301
69,-24.82,1.61,-0.63,0.03,9999,9999,-1.00,-1.00,29808
70,-25.13,1.62,-0.63,0.03,9999,9999,-1.00,-1.00,30315
71,-26.59,1.56,-0.63,0.02,-26.72,1.18,337748928,-843977728,30541
72,-26.84,1.50,-0.64,0.02,-27.07,1.18,337748896,-843977728,30793
73,-27.16,1.51,-0.64,0.02,9999,9999,-1.00,-1.00,31294
74,-27.48,1.51,-0.64,0.02,9999,9999,-1.00,-1.00,31801
75,-28.22,1.45,-0.63,0.01,-28.14,1.18,337748800,-843977728,32041
76,-28.61,1.41,-0.64,0.01,-28.85,1.18,337748736,-843977728,32541
77,-28.93,1.42,-0.64,0.01,9999,9999,-1.00,-1.00,33042
78,-29.25,1.42,-0.64,0.01,9999,9999,-1.00,-1.00,33549
79,-29.57,1.43,-0.64,0.01,9999,9999,-1.00,-1.00,34056
80,-30.76,1.27,-0.64,-0.00,-30.99,0.59,337748544,-843977792,34290
81,-31.14,1.14,-0.65,-0.01,-31.35,0.59,337748512,-843977792,34790
82,-31.39,1.06,-0.66,-0.01,-31.70,0.59,337748480,-843977792,35040
83,-31.65,1.00,-0.66,-0.01,-32.06,0.59,337748448,-843977792,35292
84,-31.92,0.95,-0.67,-0.02,-32.42,0.59,337748416,-843977792,35540
85,-32.14,0.91,-0.68,-0.02,-32.42,0.59,337748416,-843977792,35790
86,-32.48,0.90,-0.68,-0.02,9999,9999,-1.00,-1.00,36291
87,-33.08,0.86,-0.69,-0.02,-33.48,0.59,337748320,-843977792,36540
88,-33.49,0.83,-0.70,-0.02,-33.84,0.59,337748288,-843977792,37040
89,-33.75,0.81,-0.71,-0.02,-34.20,0.59,337748256,-843977792,37289
90,-34.03,0.79,-0.72,-0.02,-34.55,0.59,337748224,-843977792,37539
91,-34.31,0.78,-0.73,-0.02,-34.91,0.59,337748192,-843977792,37789
92,-34.68,0.77,-0.73,-0.02,9999,9999,-1.00,-1.00,38290
93,-35.52,0.75,-0.75,-0.01,-35.98,0.59,337748096,-843977792,38790
94,-36.05,0.75,-0.77,-0.01,-36.69,0.59,337748032,-843977792,39289
95,-36.43,0.74,-0.77,-0.01,9999,9999,-1.00,-1.00,39790
96,-37.10,0.73,-0.78,-0.01,-37.40,0.59,337747968,-843977792,40039
97,-37.38,0.73,-0.80,-0.01,-37.76,0.59,337747936,-843977792,40289
98,-37.61,0.71,-0.80,-0.01,-37.76,0.59,337747936,-843977792,40539
99,-37.86,0.71,-0.81,-0.01,-38.12,0.59,337747904,-843977792,40788
100,-38.12,0.70,-0.82,-0.01,-38.47,0.59,337747872,-843977792,41038
101,-38.53,0.70,-0.82,-0.01,9999,9999,-1.00,-1.00,41539
102,-38.94,0.69,-0.82,-0.01,9999,9999,-1.00,-1.00,42046
103,-39.85,0.66,-0.80,-0.01,-39.54,0.59,337747776,-843977792,42289
104,-40.25,0.65,-0.80,-0.01,9999,9999,-1.00,-1.00,42790
105,-40.65,0.65,-0.80,-0.01,9999,9999,-1.00,-1.00,43298
106,-41.05,0.64,-0.80,-0.01,9999,9999,-1.00,-1.00,43805
107,-41.45,0.64,-0.80,-0.01,9999,9999,-1.00,-1.00,44312
108,-41.85,0.63,-0.80,-0.01,9999,9999,-1.00,-1.00,44819
109,-42.25,0.62,-0.80,-0.01,9999,9999,-1.00,-1.00,45326
110,-42.65,0.62,-0.80,-0.01,9999,9999,-1.00,-1.00,45833
111,-43.05,0.61,-0.80,-0.01,9999,9999,-1.00,-1.00,46340
112,-43.45,0.61,-0.80,-0.01,9999,9999,-1.00,-1.00,46848
113,-43.85,0.60,-0.80,-0.01,9999,9999,-1.00,-1.00,47355
114,-44.25,0.60,-0.80,-0.01,9999,9999,-1.00,-1.00,47863
115,-44.65,0.59,-0.80,-0.01,9999,9999,-1.00,-1.00,48370
116,-45.06,0.59,-0.80,-0.01,9999,9999,-1.00,-1.00,48877
117,-47.68,-0.07,-0.62,-0.05,-47.02,0.00,337747104,-843977856,49037
118,-47.98,-0.09,-0.62,-0.05,9999,9999,-1.00,-1.00,49538
119,-48.29,-0.12,-0.62,-0.05,9999,9999,-1.00,-1.00,50045
120,-48.60,-0.15,-0.62,-0.05,9999,9999,-1.00,-1.00,50553
121,-48.91,-0.17,-0.62,-0.05,9999,9999,-1.00,-1.00,51061
122,-49.22,-0.20,-0.62,-0.05,9999,9999,-1.00,-1.00,51568
123,-49.53,-0.22,-0.62,-0.05,9999,9999,-1.00,-1.00,52075
124,-49.84,-0.25,-0.62,-0.05,9999,9999,-1.00,-1.00,52582
125,-50.14,-0.28,-0.62,-0.05,9999,9999,-1.00,-1.00,53089
126,-50.45,-0.30,-0.62,-0.05,9999,9999,-1.00,-1.00,53596
127,-50.76,-0.33,-0.62,-0.05,9999,9999,-1.00,-1.00,54103
128,-51.07,-0.35,-0.62,-0.05,9999,9999,-1.00,-1.00,54610
129,-51.38,-0.38,-0.62,-0.05,9999,9999,-1.00,-1.00,55118
130,-54.13,-0.74,-0.55,-0.06,-53.79,-0.59,337746496,-843977920,55535
131,-54.40,-0.77,-0.55,-0.06,9999,9999,-1.00,-1.00,56036
132,-54.68,-0.80,-0.55,-0.06,9999,9999,-1.00,-1.00,56543
133,-54.95,-0.83,-0.55,-0.06,9999,9999,-1.00,-1.00,57050
134,-55.23,-0.85,-0.55,-0.06,9999,9999,-1.00,-1.00,57558
135,-55.50,-0.88,-0.55,-0.06,9999,9999,-1.00,-1.00,58065
136,-55.78,-0.91,-0.55,-0.06,9999,9999,-1.00,-1.00,58573
137,-56.05,-0.94,-0.55,-0.06,9999,9999,-1.00,-1.00,59080
138,-56.33,-0.97,-0.55,-0.06,9999,9999,-1.00,-1.00,59587
139,-56.60,-1.00,-0.55,-0.06,9999,9999,-1.00,-1.00,60094
140,-56.88,-1.03,-0.55,-0.06,9999,9999,-1.00,-1.00,60601
141,-57.15,-1.06,-0.55,-0.06,9999,9999,-1.00,-1.00,61108
142,-57.43,-1.09,-0.55,-0.06,9999,9999,-1.00,-1.00,61615
143,-57.70,-1.12,-0.55,-0.06,9999,9999,-1.00,-1.00,62123
144,-57.98,-1.15,-0.55,-0.06,9999,9999,-1.00,-1.00,62630
145,-58.25,-1.18,-0.55,-0.06,9999,9999,-1.00,-1.00,63138
146,-58.53,-1.20,-0.55,-0.06,9999,9999,-1.00,-1.00,63645
147,-62.26,-0.63,-0.51,-0.03,-61.98,0.00,337745760,-843977856,64033
148,-62.51,-0.64,-0.51,-0.03,9999,9999,-1.00,-1.00,64534
149,-62.77,-0.66,-0.51,-0.03,9999,9999,-1.00,-1.00,65041
150,-63.02,-0.67,-0.51,-0.03,9999,9999,-1.00,-1.00,65548
151,-63.28,-0.68,-0.51,-0.03,9999,9999,-1.00,-1.00,66055
152,-63.53,-0.70,-0.51,-0.03,9999,9999,-1.00,-1.00,66562
153,-63.78,-0.71,-0.51,-0.03,9999,9999,-1.00,-1.00,67069
154,-65.13,-0.43,-0.49,-0.02,-64.83,0.00,337745504,-843977856,67532
155,-65.37,-0.43,-0.49,-0.02,9999,9999,-1.00,-1.00,68033
156,-65.61,-0.44,-0.49,-0.02,9999,9999,-1.00,-1.00,68540
157,-65.86,-0.45,-0.49,-0.02,9999,9999,-1.00,-1.00,69047
158,-66.74,-0.30,-0.48,-0.01,-66.61,0.00,337745344,-843977856,69532
159,-66.98,-0.31,-0.48,-0.01,9999,9999,-1.00,-1.00,70033
160,-67.41,-0.23,-0.48,-0.01,-67.33,0.00,337745280,-843977856,70532
161,-67.65,-0.23,-0.48,-0.01,9999,9999,-1.00,-1.00,71033
162,-67.90,-0.23,-0.48,-0.01,9999,9999,-1.00,-1.00,71541
163,-68.14,-0.24,-0.48,-0.01,9999,9999,-1.00,-1.00,72048
164,-68.38,-0.24,-0.48,-0.01,9999,9999,-1.00,-1.00,72555
165,-68.62,-0.25,-0.48,-0.01,9999,9999,-1.00,-1.00,73062
166,-68.86,-0.25,-0.48,-0.01,9999,9999,-1.00,-1.00,73569
167,-69.10,-0.26,-0.48,-0.01,9999,9999,-1.00,-1.00,74076
168,-69.34,-0.26,-0.48,-0.01,9999,9999,-1.00,-1.00,74583
169,-71.36,-0.20,-0.47,-0.01,-71.24,0.00,337744928,-843977856,75031
170,-71.59,-0.20,-0.47,-0.01,9999,9999,-1.00,-1.00,75532
171,-71.83,-0.20,-0.47,-0.01,9999,9999,-1.00,-1.00,76039
172,-72.06,-0.21,-0.47,-0.01,9999,9999,-1.00,-1.00,76546
173,-72.30,-0.21,-0.47,-0.01,9999,9999,-1.00,-1.00,77053
174,-72.53,-0.21,-0.47,-0.01,9999,9999,-1.00,-1.00,77561
175,-72.77,-0.22,-0.47,-0.01,9999,9999,-1.00,-1.00,78069
176,-73.01,-0.22,-0.47,-0.01,9999,9999,-1.00,-1.00,78576
177,-73.24,-0.22,-0.47,-0.01,9999,9999,-1.00,-1.00,79083
178,-73.48,-0.22,-0.47,-0.01,9999,9999,-1.00,-1.00,79590
179,-73.71,-0.23,-0.47,-0.01,9999,9999,-1.00,-1.00,80097
180,-75.71,-0.18,-0.44,-0.01,-75.52,0.00,337744544,-843977856,80280
181,-75.93,-0.18,-0.44,-0.01,9999,9999,-1.00,-1.00,80781
182,-76.15,-0.18,-0.44,-0.01,9999,9999,-1.00,-1.00,81288
183,-76.71,-0.13,-0.44,-0.00,-76.59,0.00,337744448,-843977856,81779
184,-76.92,-0.13,-0.44,-0.00,9999,9999,-1.00,-1.00,82280
185,-77.14,-0.13,-0.44,-0.00,9999,9999,-1.00,-1.00,82787
186,-77.36,-0.13,-0.44,-0.00,9999,9999,-1.00,-1.00,83294
187,-77.58,-0.13,-0.44,-0.00,9999,9999,-1.00,-1.00,83801
188,-77.80,-0.14,-0.44,-0.00,9999,9999,-1.00,-1.00,84308
189,-78.01,-0.14,-0.44,-0.00,9999,9999,-1.00,-1.00,84816
190,-78.23,-0.14,-0.44,-0.00,9999,9999,-1.00,-1.00,85324
191,-78.45,-0.14,-0.44,-0.00,9999,9999,-1.00,-1.00,85831
192,-78.67,-0.14,-0.44,-0.00,9999,9999,-1.00,-1.00,86338
193,-78.89,-0.14,-0.44,-0.00,9999,9999,-1.00,-1.00,86845
194,-79.10,-0.14,-0.44,-0.00,9999,9999,-1.00,-1.00,87352
195,-79.32,-0.15,-0.44,-0.00,9999,9999,-1.00,-1.00,87859
196,-79.54,-0.15,-0.44,-0.00,9999,9999,-1.00,-1.00,88366
197,-79.76,-0.15,-0.44,-0.00,9999,9999,-1.00,-1.00,88873
198,-79.98,-0.15,-0.44,-0.00,9999,9999,-1.00,-1.00,89381
199,-80.19,-0.15,-0.44,-0.00,9999,9999,-1.00,-1.00,89889
200,-80.41,-0.15,-0.44,-0.00,9999,9999,-1.00,-1.00,90396
201,-80.63,-0.16,-0.44,-0.00,9999,9999,-1.00,-1.00,90903
202,-80.85,-0.16,-0.44,-0.00,9999,9999,-1.00,-1.00,91410
203,-84.83,-0.09,-0.42,-0.00,-84.78,0.00,337743712,-843977856,91527
204,-85.09,-0.05,-0.43,0.00,-85.14,0.00,337743680,-843977856,92027
205,-85.30,-0.05,-0.43,0.00,9999,9999,-1.00,-1.00,92528
206,-85.52,-0.05,-0.43,0.00,9999,9999,-1.00,-1.00,93035
207,-85.73,-0.05,-0.43,0.00,9999,9999,-1.00,-1.00,93542
208,-86.56,-0.23,-0.42,-0.01,-86.56,-0.59,337743552,-843977920,94026
209,-86.77,-0.24,-0.42,-0.01,9999,9999,-1.00,-1.00,94527
210,-86.98,-0.24,-0.42,-0.01,9999,9999,-1.00,-1.00,95034
211,-87.19,-0.24,-0.42,-0.01,9999,9999,-1.00,-1.00,95541
212,-87.41,-0.25,-0.42,-0.01,9999,9999,-1.00,-1.00,96048
213,-87.62,-0.25,-0.42,-0.01,9999,9999,-1.00,-1.00,96555
214,-87.83,-0.25,-0.42,-0.01,9999,9999,-1.00,-1.00,97062
215,-88.04,-0.26,-0.42,-0.01,9999,9999,-1.00,-1.00,97570
216,-88.25,-0.26,-0.42,-0.01,9999,9999,-1.00,-1.00,98077
217,-88.46,-0.26,-0.42,-0.01,9999,9999,-1.00,-1.00,98584
218,-88.68,-0.27,-0.42,-0.01,9999,9999,-1.00,-1.00,99091
219,-88.89,-0.27,-0.42,-0.01,9999,9999,-1.00,-1.00,99598
220,-89.10,-0.27,-0.42,-0.01,9999,9999,-1.00,-1.00,100105
221,-89.31,-0.28,-0.42,-0.01,9999,9999,-1.00,-1.00,100612
222,-89.52,-0.28,-0.42,-0.01,9999,9999,-1.00,-1.00,101120
223,-89.74,-0.28,-0.42,-0.01,9999,9999,-1.00,-1.00,101627
224,-89.95,-0.29,-0.42,-0.01,9999,9999,-1.00,-1.00,102135
225,-90.16,-0.29,-0.42,-0.01,9999,9999,-1.00,-1.00,102642
226,-90.37,-0.29,-0.42,-0.01,9999,9999,-1.00,-1.00,103149
227,-90.58,-0.30,-0.42,-0.01,9999,9999,-1.00,-1.00,103656
228,-90.79,-0.30,-0.42,-0.01,9999,9999,-1.00,-1.00,104163
229,-91.01,-0.30,-0.42,-0.01,9999,9999,-1.00,-1.00,104670
230,-91.22,-0.31,-0.42,-0.01,9999,9999,-1.00,-1.00,105177
231,-91.43,-0.31,-0.42,-0.01,9999,9999,-1.00,-1.00,105684
232,-91.64,-0.31,-0.42,-0.01,9999,9999,-1.00,-1.00,106192
233,-91.85,-0.32,-0.42,-0.01,9999,9999,-1.00,-1.00,106700
234,-92.06,-0.32,-0.42,-0.01,9999,9999,-1.00,-1.00,107207
235,-92.28,-0.32,-0.42,-0.01,9999,9999,-1.00,-1.00,107714
236,-92.49,-0.32,-0.42,-0.01,9999,9999,-1.00,-1.00,108221
237,-92.70,-0.33,-0.42,-0.01,9999,9999,-1.00,-1.00,108728
238,-92.91,-0.33,-0.42,-0.01,9999,9999,-1.00,-1.00,109235
239,-93.12,-0.33,-0.42,-0.01,9999,9999,-1.00,-1.00,109742
240,-93.33,-0.34,-0.42,-0.01,9999,9999,-1.00,-1.00,110249
241,-93.55,-0.34,-0.42,-0.01,9999,9999,-1.00,-1.00,110757
242,-93.76,-0.34,-0.42,-0.01,9999,9999,-1.00,-1.00,111265
243,-93.97,-0.35,-0.42,-0.01,9999,9999,-1.00,-1.00,111772
244,-94.18,-0.35,-0.42,-0.01,9999,9999,-1.00,-1.00,112279
245,-94.39,-0.35,-0.42,-0.01,9999,9999,-1.00,-1.00,112786
246,-94.60,-0.36,-0.42,-0.01,9999,9999,-1.00,-1.00,113293
247,-94.82,-0.36,-0.42,-0.01,9999,9999,-1.00,-1.00,113800
248,-95.03,-0.36,-0.42,-0.01,9999,9999,-1.00,-1.00,114307
249,-95.24,-0.37,-0.42,-0.01,9999,9999,-1.00,-1.00,114814
250,-95.45,-0.37,-0.42,-0.01,9999,9999,-1.00,-1.00,115322
251,-95.66,-0.37,-0.42,-0.01,9999,9999,-1.00,-1.00,115830
252,-95.88,-0.38,-0.42,-0.01,9999,9999,-1.00,-1.00,116337
253,-96.09,-0.38,-0.42,-0.01,9999,9999,-1.00,-1.00,116844
254,-96.30,-0.38,-0.42,-0.01,9999,9999,-1.00,-1.00,117351
255,-96.51,-0.39,-0.42,-0.01,9999,9999,-1.00,-1.00,117858
256,-108.23,-1.62,-0.46,-0.03,-108.29,-1.78,337741600,-843978048,118021
257,-108.46,-1.63,-0.46,-0.03,9999,9999,-1.00,-1.00,118522
258,-108.69,-1.64,-0.46,-0.03,9999,9999,-1.00,-1.00,119030
259,-108.92,-1.66,-0.46,-0.03,9999,9999,-1.00,-1.00,119537
260,-109.15,-1.67,-0.46,-0.03,9999,9999,-1.00,-1.00,120044
261,-109.38,-1.69,-0.46,-0.03,9999,9999,-1.00,-1.00,120551
262,-109.61,-1.70,-0.46,-0.03,9999,9999,-1.00,-1.00,121058
263,-109.84,-1.72,-0.46,-0.03,9999,9999,-1.00,-1.00,121565
264,-110.07,-1.73,-0.46,-0.03,9999,9999,-1.00,-1.00,122072
265,-110.30,-1.75,-0.46,-0.03,9999,9999,-1.00,-1.00,122579
266,-110.54,-1.76,-0.46,-0.03,9999,9999,-1.00,-1.00,123087
267,-110.77,-1.77,-0.46,-0.03,9999,9999,-1.00,-1.00,123595
268,-112.80,-1.87,-0.43,-0.03,-112.57,-1.78,337741216,-843978048,123769
269,-113.02,-1.89,-0.43,-0.03,9999,9999,-1.00,-1.00,124270
270,-113.24,-1.90,-0.43,-0.03,9999,9999,-1.00,-1.00,124777
271,-113.71,-1.88,-0.43,-0.03,-113.63,-1.78,337741120,-843978048,125020
272,-113.92,-1.89,-0.43,-0.03,9999,9999,-1.00,-1.00,125521
273,-114.14,-1.91,-0.43,-0.03,9999,9999,-1.00,-1.00,126029
274,-114.70,-1.70,-0.43,-0.02,-114.70,-1.18,337741024,-843977984,126269
275,-114.92,-1.71,-0.43,-0.02,9999,9999,-1.00,-1.00,126770
276,-115.39,-1.59,-0.44,-0.02,-115.42,-1.18,337740960,-843977984,127268
277,-115.61,-1.59,-0.44,-0.02,9999,9999,-1.00,-1.00,127769
278,-115.83,-1.60,-0.44,-0.02,9999,9999,-1.00,-1.00,128276
279,-116.52,-1.37,-0.44,-0.00,-116.48,-0.59,337740864,-843977920,128769
280,-116.74,-1.37,-0.44,-0.00,9999,9999,-1.00,-1.00,129270
281,-116.97,-1.38,-0.44,-0.00,9999,9999,-1.00,-1.00,129777
282,-117.19,-1.38,-0.44,-0.00,9999,9999,-1.00,-1.00,130284
283,-118.07,-0.74,-0.46,0.03,-117.91,1.18,337740736,-843977728,130519
284,-118.31,-0.72,-0.46,0.03,9999,9999,-1.00,-1.00,131020
285,-118.54,-0.71,-0.46,0.03,9999,9999,-1.00,-1.00,131527
286,-119.04,-0.10,-0.46,0.06,-118.62,1.78,337740672,-843977664,131768
287,-119.27,-0.07,-0.46,0.06,9999,9999,-1.00,-1.00,132269
288,-119.58,0.62,-0.46,0.09,-118.98,2.96,337740640,-843977536,132767
289,-119.81,0.67,-0.46,0.09,9999,9999,-1.00,-1.00,133268
290,-120.04,0.71,-0.46,0.09,9999,9999,-1.00,-1.00,133775
291,-120.27,0.76,-0.46,0.09,9999,9999,-1.00,-1.00,134282
292,-120.50,0.80,-0.46,0.09,9999,9999,-1.00,-1.00,134789
293,-120.73,0.85,-0.46,0.09,9999,9999,-1.00,-1.00,135296
294,-120.96,0.89,-0.46,0.09,9999,9999,-1.00,-1.00,135803
295,-121.19,0.94,-0.46,0.09,9999,9999,-1.00,-1.00,136311
296,-121.67,3.09,-0.36,0.18,-120.05,7.11,337740544,-843977088,136767
297,-121.85,3.18,-0.36,0.18,9999,9999,-1.00,-1.00,137268
298,-122.03,3.27,-0.36,0.18,9999,9999,-1.00,-1.00,137775
299,-122.21,3.36,-0.36,0.18,9999,9999,-1.00,-1.00,138283
300,-122.40,3.45,-0.36,0.18,9999,9999,-1.00,-1.00,138790
301,-122.58,3.54,-0.36,0.18,9999,9999,-1.00,-1.00,139298
302,-122.76,3.63,-0.36,0.18,9999,9999,-1.00,-1.00,139805
303,-122.94,3.72,-0.36,0.18,9999,9999,-1.00,-1.00,140312
304,-123.12,3.81,-0.36,0.18,9999,9999,-1.00,-1.00,140819
305,-123.30,3.90,-0.36,0.18,9999,9999,-1.00,-1.00,141326
306,-123.49,3.98,-0.36,0.18,9999,9999,-1.00,-1.00,141833
307,-123.67,4.07,-0.36,0.18,9999,9999,-1.00,-1.00,142340
308,-122.53,8.83,-0.19,0.33,-120.76,13.03,337740480,-843976448,142519
309,-122.62,9.00,-0.19,0.33,9999,9999,-1.00,-1.00,143020
310,-122.71,9.16,-0.19,0.33,9999,9999,-1.00,-1.00,143527
311,-122.81,9.33,-0.19,0.33,9999,9999,-1.00,-1.00,144035
312,-122.90,9.49,-0.19,0.33,9999,9999,-1.00,-1.00,144542
313,-122.99,9.65,-0.19,0.33,9999,9999,-1.00,-1.00,145049
314,-123.09,9.82,-0.19,0.33,9999,9999,-1.00,-1.00,145556
315,-123.18,9.98,-0.19,0.33,9999,9999,-1.00,-1.00,146063
316,-123.27,10.15,-0.19,0.33,9999,9999,-1.00,-1.00,146570
317,-123.37,10.31,-0.19,0.33,9999,9999,-1.00,-1.00,147077
318,-122.59,14.85,-0.11,0.44,-121.47,17.77,337740416,-843975936,147264
319,-122.64,15.06,-0.11,0.44,9999,9999,-1.00,-1.00,147765
320,-122.69,15.28,-0.11,0.44,9999,9999,-1.00,-1.00,148272
321,-122.75,15.50,-0.11,0.44,9999,9999,-1.00,-1.00,148779
322,-122.80,15.72,-0.11,0.44,9999,9999,-1.00,-1.00,149286
323,-122.85,15.94,-0.11,0.44,9999,9999,-1.00,-1.00,149794
324,-122.90,16.15,-0.11,0.44,9999,9999,-1.00,-1.00,150301
325,-122.96,16.37,-0.11,0.44,9999,9999,-1.00,-1.00,150808
326,-123.01,16.59,-0.11,0.44,9999,9999,-1.00,-1.00,151315
327,-123.06,16.81,-0.11,0.44,9999,9999,-1.00,-1.00,151822
328,-123.11,17.03,-0.11,0.44,9999,9999,-1.00,-1.00,152329
329,-123.17,17.25,-0.11,0.44,9999,9999,-1.00,-1.00,152836
330,-123.22,17.46,-0.11,0.44,9999,9999,-1.00,-1.00,153344
331,-123.27,17.68,-0.11,0.44,9999,9999,-1.00,-1.00,153851
332,-122.25,23.43,-0.02,0.52,-121.47,25.46,337740416,-843975104,154263
333,-122.27,23.69,-0.02,0.52,9999,9999,-1.00,-1.00,154764
334,-122.28,23.95,-0.02,0.52,9999,9999,-1.00,-1.00,155271
335,-122.29,24.22,-0.02,0.52,9999,9999,-1.00,-1.00,155778
336,-122.30,24.48,-0.02,0.52,9999,9999,-1.00,-1.00,156285
337,-122.32,24.74,-0.02,0.52,9999,9999,-1.00,-1.00,156793
338,-122.33,25.00,-0.02,0.52,9999,9999,-1.00,-1.00,157301
339,-122.34,25.26,-0.02,0.52,9999,9999,-1.00,-1.00,157808
340,-122.35,25.52,-0.02,0.52,9999,9999,-1.00,-1.00,158315
341,-122.37,25.79,-0.02,0.52,9999,9999,-1.00,-1.00,158822
342,-122.38,26.05,-0.02,0.52,9999,9999,-1.00,-1.00,159329
343,-122.39,26.31,-0.02,0.52,9999,9999,-1.00,-1.00,159836
344,-122.40,26.57,-0.02,0.52,9999,9999,-1.00,-1.00,160343
345,-122.42,26.83,-0.02,0.52,9999,9999,-1.00,-1.00,160850
346,-122.43,27.09,-0.02,0.52,9999,9999,-1.00,-1.00,161358
347,-122.44,27.36,-0.02,0.52,9999,9999,-1.00,-1.00,161865
348,-122.45,27.62,-0.02,0.52,9999,9999,-1.00,-1.00,162372
349,-122.47,27.88,-0.02,0.52,9999,9999,-1.00,-1.00,162879
350,-122.05,33.68,-0.00,0.56,-121.83,34.35,337740384,-843974144,163012
351,-122.05,33.96,-0.00,0.56,9999,9999,-1.00,-1.00,163513
352,-122.05,34.24,-0.00,0.56,9999,9999,-1.00,-1.00,164020
353,-122.06,34.52,-0.00,0.56,9999,9999,-1.00,-1.00,164527
354,-122.06,34.80,-0.00,0.56,9999,9999,-1.00,-1.00,165035
355,-122.06,35.08,-0.00,0.56,9999,9999,-1.00,-1.00,165542
356,-122.06,35.36,-0.00,0.56,9999,9999,-1.00,-1.00,166050
357,-122.39,37.57,-0.02,0.57,-122.54,37.90,337740320,-843973760,166263
358,-122.47,37.98,-0.03,0.58,-122.54,38.49,337740320,-843973696,166510
359,-122.48,38.27,-0.03,0.58,9999,9999,-1.00,-1.00,167011
360,-122.65,39.09,-0.04,0.59,-122.90,39.68,337740288,-843973568,167512
361,-122.74,39.45,-0.05,0.60,-122.90,39.68,337740288,-843973568,168009
362,-122.76,39.75,-0.05,0.60,9999,9999,-1.00,-1.00,168510
363,-122.83,40.34,-0.05,0.60,-122.90,40.86,337740288,-843973440,168759
364,-122.88,40.78,-0.06,0.61,-122.90,41.45,337740288,-843973376,169260
365,-122.91,41.09,-0.06,0.61,9999,9999,-1.00,-1.00,169761
366,-123.04,41.73,-0.07,0.62,-123.25,42.64,337740256,-843973248,170009
367,-123.08,42.04,-0.07,0.62,9999,9999,-1.00,-1.00,170510
368,-123.11,42.36,-0.07,0.62,9999,9999,-1.00,-1.00,171017
369,-123.15,42.67,-0.07,0.62,9999,9999,-1.00,-1.00,171524
370,-123.59,44.17,-0.11,0.64,-123.97,45.01,337740192,-843972992,172010
371,-123.64,44.49,-0.11,0.64,9999,9999,-1.00,-1.00,172511
372,-123.86,45.22,-0.12,0.66,-123.97,46.19,337740192,-843972864,172759
373,-123.97,45.76,-0.13,0.67,-123.97,46.78,337740192,-843972800,173258
374,-124.04,46.09,-0.13,0.67,9999,9999,-1.00,-1.00,173759
375,-124.10,46.43,-0.13,0.67,9999,9999,-1.00,-1.00,174266
376,-124.17,46.77,-0.13,0.67,9999,9999,-1.00,-1.00,174773
377,-124.24,47.10,-0.13,0.67,9999,9999,-1.00,-1.00,175280
378,-124.30,47.44,-0.13,0.67,9999,9999,-1.00,-1.00,175787
379,-124.37,47.78,-0.13,0.67,9999,9999,-1.00,-1.00,176294
380,-124.44,48.12,-0.13,0.67,9999,9999,-1.00,-1.00,176802
381,-124.50,48.45,-0.13,0.67,9999,9999,-1.00,-1.00,177309
382,-124.57,48.79,-0.13,0.67,9999,9999,-1.00,-1.00,177816
383,-124.64,49.13,-0.13,0.67,9999,9999,-1.00,-1.00,178323
384,-124.70,49.46,-0.13,0.67,9999,9999,-1.00,-1.00,178830
385,-124.77,49.80,-0.13,0.67,9999,9999,-1.00,-1.00,179337
386,-124.84,50.14,-0.13,0.67,9999,9999,-1.00,-1.00,179844
387,-124.90,50.48,-0.13,0.67,9999,9999,-1.00,-1.00,180352
388,-124.97,50.81,-0.13,0.67,9999,9999,-1.00,-1.00,180859
389,-125.04,51.15,-0.13,0.67,9999,9999,-1.00,-1.00,181367
390,-125.10,51.49,-0.13,0.67,9999,9999,-1.00,-1.00,181874
391,-125.17,51.83,-0.13,0.67,9999,9999,-1.00,-1.00,182381
392,-125.24,52.16,-0.13,0.67,9999,9999,-1.00,-1.00,182888
393,-125.30,52.50,-0.13,0.67,9999,9999,-1.00,-1.00,183395
394,-125.37,52.84,-0.13,0.67,9999,9999,-1.00,-1.00,183902
395,-125.44,53.17,-0.13,0.67,9999,9999,-1.00,-1.00,184409
396,-125.50,53.51,-0.13,0.67,9999,9999,-1.00,-1.00,184916
397,-125.57,53.85,-0.13,0.67,9999,9999,-1.00,-1.00,185424
398,-124.16,61.11,-0.00,0.63,-123.97,61.00,337740192,-843971264,185508
399,-124.06,61.15,0.00,0.63,-123.97,61.00,337740192,-843971264,185755
400,-124.06,61.47,0.00,0.63,9999,9999,-1.00,-1.00,186256
401,-124.06,61.78,0.00,0.63,9999,9999,-1.00,-1.00,186763
402,-124.06,62.09,0.00,0.63,9999,9999,-1.00,-1.00,187270
403,-124.06,62.41,0.00,0.63,9999,9999,-1.00,-1.00,187777
404,-123.85,63.96,0.02,0.62,-123.61,63.96,337740224,-843970944,188255
405,-123.84,64.27,0.02,0.62,9999,9999,-1.00,-1.00,188756
406,-123.75,64.68,0.02,0.62,-123.61,64.55,337740224,-843970880,189004
407,-123.74,64.99,0.02,0.62,9999,9999,-1.00,-1.00,189505
408,-123.73,65.30,0.02,0.62,9999,9999,-1.00,-1.00,190012
409,-123.71,65.61,0.02,0.62,9999,9999,-1.00,-1.00,190519
410,-123.70,65.93,0.02,0.62,9999,9999,-1.00,-1.00,191026
411,-123.64,67.38,0.02,0.62,-123.61,67.51,337740224,-843970560,191255
412,-123.63,67.69,0.02,0.62,9999,9999,-1.00,-1.00,191756
413,-123.61,68.14,0.02,0.62,-123.61,68.10,337740224,-843970496,192004
414,-123.60,68.46,0.02,0.62,9999,9999,-1.00,-1.00,192505
415,-123.59,68.77,0.02,0.62,9999,9999,-1.00,-1.00,193013
416,-123.58,69.08,0.02,0.62,9999,9999,-1.00,-1.00,193520
417,-123.57,69.39,0.02,0.62,9999,9999,-1.00,-1.00,194027
418,-123.56,69.71,0.02,0.62,9999,9999,-1.00,-1.00,194534
419,-123.54,70.02,0.02,0.62,9999,9999,-1.00,-1.00,195041
420,-123.53,70.33,0.02,0.62,9999,9999,-1.00,-1.00,195548
421,-123.56,72.74,0.01,0.63,-123.61,72.84,337740224,-843969984,195756
422,-123.55,73.05,0.01,0.63,9999,9999,-1.00,-1.00,196257
423,-123.54,73.37,0.01,0.63,9999,9999,-1.00,-1.00,196764
424,-123.54,73.68,0.01,0.63,9999,9999,-1.00,-1.00,197271
425,-123.55,74.73,0.01,0.63,-123.61,74.62,337740224,-843969792,197502
426,-123.55,75.05,0.01,0.63,9999,9999,-1.00,-1.00,198003
427,-123.54,75.36,0.01,0.63,9999,9999,-1.00,-1.00,198510
428,-123.54,75.67,0.01,0.63,9999,9999,-1.00,-1.00,199017
429,-123.53,75.99,0.01,0.63,9999,9999,-1.00,-1.00,199524
430,-123.53,76.30,0.01,0.63,9999,9999,-1.00,-1.00,200031
431,-123.52,76.61,0.01,0.63,9999,9999,-1.00,-1.00,200538
432,-123.52,76.93,0.01,0.63,9999,9999,-1.00,-1.00,201046
433,-123.51,77.24,0.01,0.63,9999,9999,-1.00,-1.00,201553
434,-123.51,77.56,0.01,0.63,9999,9999,-1.00,-1.00,202061
435,-123.50,77.87,0.01,0.63,9999,9999,-1.00,-1.00,202568
436,-122.23,80.74,0.09,0.60,-121.83,80.54,337740384,-843969152,202752
437,-121.86,80.86,0.12,0.59,-121.47,80.54,337740416,-843969152,203251
438,-121.72,81.03,0.12,0.59,-121.47,81.13,337740416,-843969088,203501
439,-121.53,81.40,0.13,0.59,-121.12,81.72,337740448,-843969024,204001
440,-121.34,81.57,0.14,0.59,-120.76,81.72,337740480,-843969024,204251
441,-121.27,81.87,0.14,0.59,9999,9999,-1.00,-1.00,204752
442,-121.19,82.16,0.14,0.59,9999,9999,-1.00,-1.00,205260
443,-121.12,82.46,0.14,0.59,9999,9999,-1.00,-1.00,205767
444,-120.26,83.20,0.21,0.57,-118.98,82.32,337740640,-843968960,206003
445,-120.15,83.48,0.21,0.57,9999,9999,-1.00,-1.00,206504
446,-120.05,83.77,0.21,0.57,9999,9999,-1.00,-1.00,207012
447,-119.09,84.07,0.29,0.53,-117.91,82.91,337740736,-843968896,207250
448,-118.42,84.03,0.35,0.51,-117.20,82.91,337740800,-843968896,207751
449,-118.24,84.28,0.35,0.51,9999,9999,-1.00,-1.00,208252
450,-118.07,84.54,0.35,0.51,9999,9999,-1.00,-1.00,208760
451,-117.90,84.79,0.35,0.51,9999,9999,-1.00,-1.00,209267
452,-116.09,85.04,0.47,0.45,-114.70,82.91,337741024,-843968896,209750
453,-115.86,85.27,0.47,0.45,9999,9999,-1.00,-1.00,210251
454,-114.76,84.98,0.55,0.40,-113.63,82.91,337741120,-843968896,210502
455,-114.49,85.18,0.55,0.40,9999,9999,-1.00,-1.00,211003
456,-113.60,84.83,0.61,0.36,-112.92,82.32,337741184,-843968960,211250
457,-112.95,84.51,0.65,0.32,-112.21,82.32,337741248,-843968960,211750
458,-112.62,84.68,0.65,0.32,9999,9999,-1.00,-1.00,212251
459,-112.30,84.84,0.65,0.32,9999,9999,-1.00,-1.00,212758
460,-111.97,85.00,0.65,0.32,9999,9999,-1.00,-1.00,213265
461,-111.65,85.16,0.65,0.32,9999,9999,-1.00,-1.00,213772
462,-111.33,85.32,0.65,0.32,9999,9999,-1.00,-1.00,214279
463,-111.00,85.48,0.65,0.32,9999,9999,-1.00,-1.00,214786
464,-108.47,85.33,0.70,0.24,-108.65,82.32,337741568,-843968960,215002
465,-108.12,85.45,0.70,0.24,9999,9999,-1.00,-1.00,215503
466,-107.77,85.57,0.70,0.24,9999,9999,-1.00,-1.00,216011
467,-107.42,85.69,0.70,0.24,9999,9999,-1.00,-1.00,216518
468,-107.07,85.82,0.70,0.24,9999,9999,-1.00,-1.00,217025
469,-105.51,85.15,0.69,0.18,-106.15,82.32,337741792,-843968960,217498
470,-105.16,85.24,0.69,0.18,9999,9999,-1.00,-1.00,217999
471,-104.81,85.33,0.69,0.18,9999,9999,-1.00,-1.00,218506
472,-104.14,84.64,0.68,0.13,-104.73,82.32,337741920,-843968960,218747
473,-103.80,84.70,0.68,0.13,9999,9999,-1.00,-1.00,219248
474,-103.32,84.04,0.69,0.09,-103.66,81.72,337742016,-843969024,219501
475,-103.24,83.59,0.68,0.06,-103.66,81.72,337742016,-843969024,219748
476,-103.09,83.28,0.69,0.05,-103.30,81.72,337742048,-843969024,219998
477,-102.70,83.06,0.69,0.03,-102.59,81.72,337742112,-843969024,220497
478,-102.45,82.87,0.70,0.02,-102.24,81.72,337742144,-843969024,220749
479,-102.10,82.88,0.70,0.02,9999,9999,-1.00,-1.00,221250
480,-101.75,82.89,0.70,0.02,9999,9999,-1.00,-1.00,221757
481,-101.40,82.90,0.70,0.02,9999,9999,-1.00,-1.00,222264
482,-101.05,82.91,0.70,0.02,9999,9999,-1.00,-1.00,222771
483,-100.69,82.92,0.70,0.02,9999,9999,-1.00,-1.00,223278
484,-98.95,82.74,0.69,0.01,-99.39,81.72,337742400,-843969024,223497
485,-98.61,82.74,0.69,0.01,9999,9999,-1.00,-1.00,223998
486,-98.25,82.56,0.67,-0.00,-98.67,81.72,337742464,-843969024,224246
487,-97.92,82.56,0.67,-0.00,9999,9999,-1.00,-1.00,224747
488,-97.33,82.40,0.66,-0.01,-97.60,81.72,337742560,-843969024,225249
489,-96.95,82.28,0.67,-0.02,-96.89,81.72,337742624,-843969024,225746
490,-96.62,82.27,0.67,-0.02,9999,9999,-1.00,-1.00,226247
491,-96.28,82.26,0.67,-0.02,9999,9999,-1.00,-1.00,226754
492,-95.94,82.25,0.67,-0.02,9999,9999,-1.00,-1.00,227261
493,-94.64,82.11,0.67,-0.03,-94.76,81.72,337742816,-843969024,227745
494,-94.30,82.10,0.67,-0.03,9999,9999,-1.00,-1.00,228246
495,-93.64,82.00,0.67,-0.03,-93.69,81.72,337742912,-843969024,228746
496,-93.21,81.93,0.68,-0.03,-92.97,81.72,337742976,-843969024,229245
497,-93.02,81.89,0.68,-0.04,-92.97,81.72,337742976,-843969024,229495
498,-92.68,81.87,0.68,-0.04,9999,9999,-1.00,-1.00,229996
499,-92.33,81.85,0.68,-0.04,9999,9999,-1.00,-1.00,230503
500,-91.27,81.78,0.69,-0.04,-91.19,81.72,337743136,-843969024,230996
501,-91.04,81.75,0.69,-0.04,-90.84,81.72,337743168,-843969024,231244
502,-90.57,81.72,0.71,-0.04,-90.12,81.72,337743232,-843969024,231745
503,-90.13,81.69,0.72,-0.04,-89.77,81.72,337743264,-843969024,232245
504,-89.85,81.68,0.73,-0.05,-89.41,81.72,337743296,-843969024,232495
505,-89.49,81.66,0.73,-0.05,9999,9999,-1.00,-1.00,232996
506,-88.67,81.61,0.74,-0.05,-88.34,81.72,337743392,-843969024,233494
507,-88.31,81.59,0.74,-0.05,9999,9999,-1.00,-1.00,233995
508,-87.64,81.56,0.75,-0.05,-87.27,81.72,337743488,-843969024,234248
509,-87.26,81.54,0.75,-0.05,9999,9999,-1.00,-1.00,234749
510,-86.44,81.52,0.76,-0.05,-86.21,81.72,337743584,-843969024,235244
511,-86.17,81.52,0.77,-0.05,-85.85,81.72,337743616,-843969024,235495
512,-85.78,81.50,0.77,-0.05,9999,9999,-1.00,-1.00,235996
513,-85.40,81.48,0.77,-0.05,9999,9999,-1.00,-1.00,236503
514,-84.44,81.47,0.77,-0.04,-84.42,81.72,337743744,-843969024,236743
515,-84.06,81.44,0.77,-0.04,9999,9999,-1.00,-1.00,237244
516,-83.68,81.42,0.77,-0.04,9999,9999,-1.00,-1.00,237751
517,-83.29,81.40,0.77,-0.04,9999,9999,-1.00,-1.00,238258
518,-82.91,81.38,0.77,-0.04,9999,9999,-1.00,-1.00,238765
519,-82.52,81.36,0.77,-0.04,9999,9999,-1.00,-1.00,239272
520,-82.14,81.34,0.77,-0.04,9999,9999,-1.00,-1.00,239780
521,-80.36,81.45,0.70,-0.02,-80.86,81.72,337744064,-843969024,239994
522,-80.24,81.66,0.68,-0.01,-80.51,82.32,337744096,-843968960,240493
523,-79.98,81.68,0.67,-0.00,-80.15,81.72,337744128,-843969024,240993
524,-79.80,81.69,0.67,-0.00,-79.79,81.72,337744160,-843969024,241243
525,-79.47,81.68,0.67,-0.00,9999,9999,-1.00,-1.00,241744
526,-79.13,81.68,0.67,-0.00,9999,9999,-1.00,-1.00,242252
527,-78.80,81.68,0.67,-0.00,9999,9999,-1.00,-1.00,242759
528,-78.46,81.68,0.67,-0.00,9999,9999,-1.00,-1.00,243266
529,-78.12,81.68,0.67,-0.00,9999,9999,-1.00,-1.00,243773
530,-77.79,81.68,0.67,-0.00,9999,9999,-1.00,-1.00,244280
531,-75.91,81.72,0.64,0.00,-76.23,81.72,337744480,-843969024,244494
532,-75.79,81.73,0.64,0.00,-75.88,81.72,337744512,-843969024,244742
533,-75.39,81.72,0.65,0.00,-75.16,81.72,337744576,-843969024,245241
534,-75.07,81.72,0.65,0.00,9999,9999,-1.00,-1.00,245742
535,-74.33,81.72,0.66,0.00,-74.09,81.72,337744672,-843969024,246241
536,-73.94,81.71,0.66,0.00,-73.74,81.72,337744704,-843969024,246740
537,-73.61,81.71,0.66,0.00,9999,9999,-1.00,-1.00,247241
538,-73.09,81.71,0.66,-0.00,-73.03,81.72,337744768,-843969024,247491
539,-72.87,81.71,0.67,-0.00,-72.67,81.72,337744800,-843969024,247741
540,-72.49,81.71,0.67,-0.00,-72.31,81.72,337744832,-843969024,248241
541,-72.16,81.71,0.67,-0.00,9999,9999,-1.00,-1.00,248742
542,-71.58,81.78,0.68,0.00,-71.24,82.32,337744928,-843968960,248993
543,-71.18,81.84,0.69,0.01,-70.89,82.32,337744960,-843968960,249491
544,-70.83,81.85,0.69,0.01,9999,9999,-1.00,-1.00,249992
545,-70.49,81.85,0.69,0.01,9999,9999,-1.00,-1.00,250499
546,-70.14,81.85,0.69,0.01,9999,9999,-1.00,-1.00,251006
547,-68.87,81.83,0.70,0.00,-68.75,81.72,337745152,-843969024,251240
548,-68.52,81.83,0.70,0.00,9999,9999,-1.00,-1.00,251741
549,-68.17,81.83,0.70,0.00,9999,9999,-1.00,-1.00,252248
550,-67.82,81.83,0.70,0.00,9999,9999,-1.00,-1.00,252755
551,-67.48,81.83,0.70,0.00,9999,9999,-1.00,-1.00,253263
552,-65.94,81.95,0.69,0.01,-65.90,82.32,337745408,-843968960,253493
553,-65.59,81.96,0.69,0.01,9999,9999,-1.00,-1.00,253995
554,-65.24,81.96,0.69,0.01,9999,9999,-1.00,-1.00,254502
555,-64.41,81.92,0.69,0.01,-64.48,81.72,337745536,-843969024,254741
556,-64.06,81.92,0.69,0.01,9999,9999,-1.00,-1.00,255242
557,-63.72,81.93,0.69,0.01,9999,9999,-1.00,-1.00,255749
558,-63.37,81.93,0.69,0.01,9999,9999,-1.00,-1.00,256256
559,-63.02,81.93,0.69,0.01,9999,9999,-1.00,-1.00,256763
560,-62.68,81.94,0.69,0.01,9999,9999,-1.00,-1.00,257271
561,-62.33,81.94,0.69,0.01,9999,9999,-1.00,-1.00,257778
562,-61.99,81.94,0.69,0.01,9999,9999,-1.00,-1.00,258285
563,-61.64,81.95,0.69,0.01,9999,9999,-1.00,-1.00,258792
564,-59.38,81.98,0.63,0.01,-59.85,81.72,337745952,-843969024,259240
565,-59.07,81.99,0.63,0.01,9999,9999,-1.00,-1.00,259741
566,-58.75,81.99,0.63,0.01,9999,9999,-1.00,-1.00,260248
567,-58.17,81.93,0.61,0.01,-58.42,81.72,337746080,-843969024,260489
568,-58.03,81.88,0.61,0.01,-58.06,81.72,337746112,-843969024,260738
569,-57.72,81.89,0.61,0.01,9999,9999,-1.00,-1.00,261239
570,-57.29,81.86,0.61,0.01,-57.35,81.72,337746176,-843969024,261488
571,-56.98,81.86,0.61,0.01,9999,9999,-1.00,-1.00,261989
572,-56.35,81.96,0.61,0.01,-56.28,82.32,337746272,-843968960,262488
573,-56.05,81.96,0.61,0.01,9999,9999,-1.00,-1.00,262989
574,-55.74,81.97,0.61,0.01,9999,9999,-1.00,-1.00,263496
575,-55.43,81.97,0.61,0.01,9999,9999,-1.00,-1.00,264003
576,-55.13,81.98,0.61,0.01,9999,9999,-1.00,-1.00,264510
577,-53.54,82.08,0.62,0.01,-53.43,82.32,337746528,-843968960,264987
578,-53.23,82.08,0.62,0.01,9999,9999,-1.00,-1.00,265488
579,-52.92,82.09,0.62,0.01,9999,9999,-1.00,-1.00,265995
580,-52.61,82.10,0.62,0.01,9999,9999,-1.00,-1.00,266502
581,-52.31,82.11,0.62,0.01,9999,9999,-1.00,-1.00,267009
582,-52.00,82.11,0.62,0.01,9999,9999,-1.00,-1.00,267516
583,-51.69,82.12,0.62,0.01,9999,9999,-1.00,-1.00,268024
584,-49.60,82.20,0.62,0.02,-49.51,82.32,337746880,-843968960,268238
585,-49.34,82.23,0.63,0.02,-49.16,82.32,337746912,-843968960,268486
586,-49.02,82.23,0.63,0.02,9999,9999,-1.00,-1.00,268987
587,-48.71,82.24,0.63,0.02,9999,9999,-1.00,-1.00,269494
588,-48.39,82.25,0.63,0.02,9999,9999,-1.00,-1.00,270001
589,-47.32,82.29,0.63,0.02,-47.38,82.32,337747072,-843968960,270236
590,-47.01,82.30,0.63,0.02,9999,9999,-1.00,-1.00,270737
591,-46.36,82.31,0.63,0.02,-46.31,82.32,337747168,-843968960,271236
592,-46.04,82.32,0.63,0.02,9999,9999,-1.00,-1.00,271737
593,-45.72,82.33,0.63,0.02,9999,9999,-1.00,-1.00,272245
594,-44.68,82.33,0.64,0.01,-44.53,82.32,337747328,-843968960,272738
595,-44.19,82.20,0.66,0.00,-43.82,81.72,337747392,-843969024,273235
596,-43.86,82.20,0.66,0.00,9999,9999,-1.00,-1.00,273736
597,-43.18,82.10,0.68,-0.00,-42.75,81.72,337747488,-843969024,273986
598,-42.84,82.09,0.68,-0.00,9999,9999,-1.00,-1.00,274487
599,-42.50,82.09,0.68,-0.00,9999,9999,-1.00,-1.00,274994
600,-42.16,82.09,0.68,-0.00,9999,9999,-1.00,-1.00,275501
601,-41.83,82.09,0.68,-0.00,9999,9999,-1.00,-1.00,276008
602,-41.49,82.09,0.68,-0.00,9999,9999,-1.00,-1.00,276516
603,-39.44,81.82,0.68,-0.02,-39.54,81.13,337747776,-843969088,276984
604,-39.21,81.66,0.69,-0.03,-39.18,81.13,337747808,-843969088,277237
605,-38.87,81.65,0.69,-0.03,9999,9999,-1.00,-1.00,277738
606,-38.38,81.53,0.69,-0.03,-38.47,81.13,337747872,-843969088,277984
607,-38.03,81.52,0.69,-0.03,9999,9999,-1.00,-1.00,278486
608,-37.69,81.50,0.69,-0.03,9999,9999,-1.00,-1.00,278993
609,-37.34,81.48,0.69,-0.03,9999,9999,-1.00,-1.00,279501
610,-37.00,81.46,0.69,-0.03,9999,9999,-1.00,-1.00,280008
611,-36.65,81.45,0.69,-0.03,9999,9999,-1.00,-1.00,280515
612,-35.17,81.35,0.65,-0.03,-35.62,81.13,337748128,-843969088,280733
613,-34.84,81.33,0.65,-0.03,9999,9999,-1.00,-1.00,281234
614,-34.35,81.42,0.63,-0.02,-34.55,81.72,337748224,-843969024,281737
615,-34.03,81.41,0.63,-0.02,9999,9999,-1.00,-1.00,282238
616,-33.71,81.40,0.63,-0.02,9999,9999,-1.00,-1.00,282746
617,-33.15,81.48,0.61,-0.01,-33.48,81.72,337748320,-843969024,282984
618,-32.83,81.52,0.61,-0.01,-32.77,81.72,337748384,-843969024,283483
619,-32.52,81.52,0.61,-0.01,9999,9999,-1.00,-1.00,283984
620,-32.07,81.55,0.61,-0.01,-32.06,81.72,337748448,-843969024,284232
621,-31.66,81.57,0.62,-0.01,-31.35,81.72,337748512,-843969024,284732
622,-31.28,81.58,0.63,-0.01,-30.99,81.72,337748544,-843969024,285233
623,-30.96,81.58,0.63,-0.01,9999,9999,-1.00,-1.00,285734
624,-30.45,81.59,0.63,-0.01,-30.28,81.72,337748608,-843969024,285982
625,-30.13,81.59,0.63,-0.01,9999,9999,-1.00,-1.00,286483
626,-29.81,81.58,0.63,-0.01,9999,9999,-1.00,-1.00,286990
627,-28.97,81.59,0.64,-0.01,-28.85,81.72,337748736,-843969024,287232
628,-28.65,81.59,0.64,-0.01,9999,9999,-1.00,-1.00,287733
629,-28.33,81.59,0.64,-0.01,9999,9999,-1.00,-1.00,288240
630,-28.01,81.58,0.64,-0.01,9999,9999,-1.00,-1.00,288747
631,-26.74,81.60,0.64,-0.00,-26.72,81.72,337748928,-843969024,289231
632,-26.29,81.61,0.65,-0.01,-26.00,81.72,337748992,-843969024,289731
633,-25.97,81.61,0.65,-0.01,9999,9999,-1.00,-1.00,290232
634,-25.20,81.61,0.66,-0.01,-24.94,81.72,337749088,-843969024,290735
635,-24.87,81.61,0.66,-0.01,9999,9999,-1.00,-1.00,291236
636,-24.54,81.60,0.66,-0.01,9999,9999,-1.00,-1.00,291744
637,-24.20,81.60,0.66,-0.01,9999,9999,-1.00,-1.00,292251
638,-22.71,81.60,0.68,-0.01,-22.44,81.72,337749312,-843969024,292730
639,-22.18,81.60,0.70,-0.01,-21.73,81.72,337749376,-843969024,293230
640,-21.83,81.59,0.70,-0.01,9999,9999,-1.00,-1.00,293731
641,-21.48,81.59,0.70,-0.01,9999,9999,-1.00,-1.00,294238
642,-20.39,81.60,0.70,-0.01,-20.30,81.72,337749504,-843969024,294730
643,-20.04,81.60,0.70,-0.01,9999,9999,-1.00,-1.00,295231
644,-19.68,81.73,0.70,0.00,-19.59,82.32,337749568,-843968960,295238
645,-19.33,81.73,0.70,0.00,9999,9999,-1.00,-1.00,295739
646,-18.51,81.83,0.71,0.01,-18.17,82.32,337749696,-843968960,296229
647,-18.16,81.83,0.71,0.01,9999,9999,-1.00,-1.00,296730
648,-17.80,81.83,0.71,0.01,9999,9999,-1.00,-1.00,297237
649,-17.44,81.84,0.71,0.01,9999,9999,-1.00,-1.00,297744
650,-17.09,81.84,0.71,0.01,9999,9999,-1.00,-1.00,298251
651,-16.73,81.84,0.71,0.01,9999,9999,-1.00,-1.00,298758
652,-14.63,81.99,0.71,0.01,-14.61,82.32,337750016,-843968960,299229
653,-14.28,81.99,0.71,0.01,9999,9999,-1.00,-1.00,299730
654,-13.57,82.08,0.71,0.02,-13.54,82.32,337750112,-843968960,300229
655,-13.10,82.13,0.72,0.02,-12.82,82.32,337750176,-843968960,300729
656,-12.81,82.15,0.73,0.02,-12.47,82.32,337750208,-843968960,300982
657,-12.45,82.16,0.73,0.02,9999,9999,-1.00,-1.00,301483
658,-12.09,82.17,0.73,0.02,9999,9999,-1.00,-1.00,301990
659,-11.72,82.18,0.73,0.02,9999,9999,-1.00,-1.00,302498
660,-11.36,82.19,0.73,0.02,9999,9999,-1.00,-1.00,303005
661,-11.00,82.20,0.73,0.02,9999,9999,-1.00,-1.00,303512
662,-10.63,82.21,0.73,0.02,9999,9999,-1.00,-1.00,304019
663,-10.27,82.22,0.73,0.02,9999,9999,-1.00,-1.00,304526
664,-9.91,82.23,0.73,0.02,9999,9999,-1.00,-1.00,305033
665,-9.54,82.24,0.73,0.02,9999,9999,-1.00,-1.00,305540
666,-9.18,82.25,0.73,0.02,9999,9999,-1.00,-1.00,306048
667,-8.81,82.26,0.73,0.02,9999,9999,-1.00,-1.00,306555
668,-8.45,82.27,0.73,0.02,9999,9999,-1.00,-1.00,307063
669,-8.09,82.28,0.73,0.02,9999,9999,-1.00,-1.00,307570
670,-7.72,82.29,0.73,0.02,9999,9999,-1.00,-1.00,308077
671,-7.36,82.30,0.73,0.02,9999,9999,-1.00,-1.00,308584
672,-7.00,82.31,0.73,0.02,9999,9999,-1.00,-1.00,309091
673,-6.63,82.32,0.73,0.02,9999,9999,-1.00,-1.00,309598
674,-6.27,82.32,0.73,0.02,9999,9999,-1.00,-1.00,310105
675,-5.91,82.33,0.73,0.02,9999,9999,-1.00,-1.00,310612
676,-5.54,82.34,0.73,0.02,9999,9999,-1.00,-1.00,311120
677,-5.18,82.35,0.73,0.02,9999,9999,-1.00,-1.00,311628
678,-4.82,82.36,0.73,0.02,9999,9999,-1.00,-1.00,312135
679,-4.45,82.37,0.73,0.02,9999,9999,-1.00,-1.00,312642
680,-4.09,82.38,0.73,0.02,9999,9999,-1.00,-1.00,313149
681,-3.73,82.39,0.73,0.02,9999,9999,-1.00,-1.00,313656
682,-3.36,82.40,0.73,0.02,9999,9999,-1.00,-1.00,314163
683,-3.00,82.41,0.73,0.02,9999,9999,-1.00,-1.00,314670
684,-2.64,82.42,0.73,0.02,9999,9999,-1.00,-1.00,315177
685,-2.27,82.43,0.73,0.02,9999,9999,-1.00,-1.00,315685
686,-1.91,82.44,0.73,0.02,9999,9999,-1.00,-1.00,316193
687,4.25,82.69,0.54,0.02,3.92,82.32,337751680,-843968960,316475
688,4.52,82.71,0.54,0.02,9999,9999,-1.00,-1.00,316976
689,4.79,82.72,0.54,0.02,9999,9999,-1.00,-1.00,317483
690,5.06,82.73,0.54,0.02,9999,9999,-1.00,-1.00,317990
691,5.33,82.74,0.54,0.02,9999,9999,-1.00,-1.00,318498
692,5.90,82.89,0.51,0.03,5.34,82.91,337751808,-843968896,318977
693,6.15,82.90,0.51,0.03,9999,9999,-1.00,-1.00,319478
694,6.41,82.93,0.49,0.03,6.06,82.91,337751872,-843968896,319974
695,6.66,82.95,0.49,0.03,9999,9999,-1.00,-1.00,320475
696,6.91,82.97,0.49,0.03,9999,9999,-1.00,-1.00,320982
697,7.16,82.98,0.49,0.03,9999,9999,-1.00,-1.00,321489
698,7.67,83.02,0.47,0.04,7.12,82.91,337751968,-843968896,321724
699,7.90,83.04,0.47,0.04,9999,9999,-1.00,-1.00,322225
700,8.01,82.89,0.45,0.03,7.48,82.32,337752000,-843968960,322473
701,8.24,82.91,0.45,0.03,9999,9999,-1.00,-1.00,322974
702,8.46,82.92,0.45,0.03,9999,9999,-1.00,-1.00,323481
703,8.69,82.94,0.45,0.03,9999,9999,-1.00,-1.00,323988
704,8.92,82.96,0.45,0.03,9999,9999,-1.00,-1.00,324495
705,9.34,82.44,0.40,0.01,8.19,80.54,337752064,-843969152,324973
706,9.54,82.44,0.40,0.01,9999,9999,-1.00,-1.00,325474
707,9.74,82.45,0.40,0.01,9999,9999,-1.00,-1.00,325981
708,9.69,81.75,0.36,-0.01,8.55,79.36,337752096,-843969280,326222
709,9.86,81.74,0.36,-0.01,9999,9999,-1.00,-1.00,326723
710,10.04,81.74,0.36,-0.01,9999,9999,-1.00,-1.00,327230
711,10.22,81.73,0.36,-0.01,9999,9999,-1.00,-1.00,327737
712,10.40,81.72,0.36,-0.01,9999,9999,-1.00,-1.00,328244
713,10.58,81.72,0.36,-0.01,9999,9999,-1.00,-1.00,328751
714,10.75,81.71,0.36,-0.01,9999,9999,-1.00,-1.00,329259
715,10.93,81.70,0.36,-0.01,9999,9999,-1.00,-1.00,329766
716,11.11,81.70,0.36,-0.01,9999,9999,-1.00,-1.00,330274
717,11.29,81.69,0.36,-0.01,9999,9999,-1.00,-1.00,330781
718,11.47,81.68,0.36,-0.01,9999,9999,-1.00,-1.00,331288
719,11.65,81.68,0.36,-0.01,9999,9999,-1.00,-1.00,331795
720,11.82,81.67,0.36,-0.01,9999,9999,-1.00,-1.00,332302
721,12.00,81.66,0.36,-0.01,9999,9999,-1.00,-1.00,332809
722,9.96,78.17,0.10,-0.14,7.84,73.43,337752032,-843969920,332972
723,9.19,76.64,0.06,-0.21,7.84,73.43,337752032,-843969920,333221
724,9.22,76.54,0.06,-0.21,9999,9999,-1.00,-1.00,333722
725,9.25,76.43,0.06,-0.21,9999,9999,-1.00,-1.00,334229
726,8.72,75.08,0.03,-0.25,7.48,72.25,337752000,-843970048,334471
727,8.43,74.27,0.01,-0.29,7.48,71.66,337752000,-843970112,334721
728,8.43,74.13,0.01,-0.29,9999,9999,-1.00,-1.00,335222
729,8.44,73.98,0.01,-0.29,9999,9999,-1.00,-1.00,335729
730,8.44,73.84,0.01,-0.29,9999,9999,-1.00,-1.00,336236
731,8.45,73.70,0.01,-0.29,9999,9999,-1.00,-1.00,336743
732,8.46,73.56,0.01,-0.29,9999,9999,-1.00,-1.00,337250
733,8.46,73.41,0.01,-0.29,9999,9999,-1.00,-1.00,337757
734,8.47,73.27,0.01,-0.29,9999,9999,-1.00,-1.00,338264
735,8.47,73.13,0.01,-0.29,9999,9999,-1.00,-1.00,338771
736,8.48,72.98,0.01,-0.29,9999,9999,-1.00,-1.00,339279
737,7.77,69.91,-0.03,-0.36,6.77,66.92,337751936,-843970624,339720
738,7.33,68.81,-0.06,-0.40,6.41,66.33,337751904,-843970688,340219
739,7.30,68.61,-0.06,-0.40,9999,9999,-1.00,-1.00,340720
740,7.27,68.41,-0.06,-0.40,9999,9999,-1.00,-1.00,341227
741,7.24,68.21,-0.06,-0.40,9999,9999,-1.00,-1.00,341734
742,7.21,68.01,-0.06,-0.40,9999,9999,-1.00,-1.00,342241
743,7.19,67.81,-0.06,-0.40,9999,9999,-1.00,-1.00,342748
744,7.16,67.61,-0.06,-0.40,9999,9999,-1.00,-1.00,343255
745,7.13,67.41,-0.06,-0.40,9999,9999,-1.00,-1.00,343762
746,7.10,67.21,-0.06,-0.40,9999,9999,-1.00,-1.00,344270
747,7.07,67.00,-0.06,-0.40,9999,9999,-1.00,-1.00,344777
748,7.04,66.80,-0.06,-0.40,9999,9999,-1.00,-1.00,345284
749,7.01,66.60,-0.06,-0.40,9999,9999,-1.00,-1.00,345791
750,6.98,66.40,-0.06,-0.40,9999,9999,-1.00,-1.00,346298
751,6.50,61.88,-0.05,-0.48,6.06,59.81,337751872,-843971392,346718
752,6.48,61.64,-0.05,-0.48,9999,9999,-1.00,-1.00,347219
753,6.32,60.47,-0.06,-0.51,6.06,59.22,337751872,-843971456,347718
754,6.29,60.22,-0.06,-0.51,9999,9999,-1.00,-1.00,348219
755,6.26,59.96,-0.06,-0.51,9999,9999,-1.00,-1.00,348726
756,6.23,59.70,-0.06,-0.51,9999,9999,-1.00,-1.00,349233
757,6.20,59.44,-0.06,-0.51,9999,9999,-1.00,-1.00,349740
758,6.18,59.19,-0.06,-0.51,9999,9999,-1.00,-1.00,350247
759,6.15,58.93,-0.06,-0.51,9999,9999,-1.00,-1.00,350755
760,6.12,58.67,-0.06,-0.51,9999,9999,-1.00,-1.00,351262
761,6.09,58.42,-0.06,-0.51,9999,9999,-1.00,-1.00,351769
762,6.06,58.16,-0.06,-0.51,9999,9999,-1.00,-1.00,352276
763,6.04,57.90,-0.06,-0.51,9999,9999,-1.00,-1.00,352783
764,6.01,57.65,-0.06,-0.51,9999,9999,-1.00,-1.00,353290
765,5.98,57.39,-0.06,-0.51,9999,9999,-1.00,-1.00,353797
766,5.95,57.13,-0.06,-0.51,9999,9999,-1.00,-1.00,354304
767,5.92,56.88,-0.06,-0.51,9999,9999,-1.00,-1.00,354811
768,5.90,56.62,-0.06,-0.51,9999,9999,-1.00,-1.00,355319
769,6.14,50.87,-0.01,-0.58,6.06,49.75,337751872,-843972480,355716
770,6.13,50.58,-0.01,-0.58,9999,9999,-1.00,-1.00,356217
771,6.13,50.29,-0.01,-0.58,9999,9999,-1.00,-1.00,356725
772,6.12,50.00,-0.01,-0.58,9999,9999,-1.00,-1.00,357232
773,6.12,49.71,-0.01,-0.58,9999,9999,-1.00,-1.00,357739
774,6.12,49.42,-0.01,-0.58,9999,9999,-1.00,-1.00,358246
775,6.35,46.97,0.01,-0.61,6.41,46.19,337751904,-843972864,358715
776,6.36,46.67,0.01,-0.61,9999,9999,-1.00,-1.00,359216
777,6.36,46.36,0.01,-0.61,9999,9999,-1.00,-1.00,359723
778,6.37,46.06,0.01,-0.61,9999,9999,-1.00,-1.00,360230
779,6.37,45.75,0.01,-0.61,9999,9999,-1.00,-1.00,360738
780,6.62,44.15,0.03,-0.62,6.77,43.82,337751936,-843973120,360965
781,6.63,43.84,0.03,-0.62,9999,9999,-1.00,-1.00,361466
782,6.64,43.53,0.03,-0.62,9999,9999,-1.00,-1.00,361974
783,6.66,43.22,0.03,-0.62,9999,9999,-1.00,-1.00,362481
784,6.67,42.91,0.03,-0.62,9999,9999,-1.00,-1.00,362988
785,6.68,42.60,0.03,-0.62,9999,9999,-1.00,-1.00,363495
786,6.70,42.29,0.03,-0.62,9999,9999,-1.00,-1.00,364002
787,6.71,41.98,0.03,-0.62,9999,9999,-1.00,-1.00,364509
788,6.72,41.67,0.03,-0.62,9999,9999,-1.00,-1.00,365016
789,6.74,41.36,0.03,-0.62,9999,9999,-1.00,-1.00,365523
790,6.75,41.05,0.03,-0.62,9999,9999,-1.00,-1.00,366031
791,6.77,40.74,0.03,-0.62,9999,9999,-1.00,-1.00,366539
792,6.78,40.43,0.03,-0.62,9999,9999,-1.00,-1.00,367046
793,6.79,40.12,0.03,-0.62,9999,9999,-1.00,-1.00,367553
794,6.81,39.81,0.03,-0.62,9999,9999,-1.00,-1.00,368060
795,6.83,35.06,0.02,-0.62,6.77,34.94,337751936,-843974080,368463
796,6.84,34.75,0.02,-0.62,9999,9999,-1.00,-1.00,368964
797,6.85,34.43,0.02,-0.62,9999,9999,-1.00,-1.00,369471
798,6.81,33.70,0.01,-0.62,6.77,33.76,337751936,-843974208,369715
799,6.82,33.39,0.01,-0.62,9999,9999,-1.00,-1.00,370216
800,6.83,33.08,0.01,-0.62,9999,9999,-1.00,-1.00,370724
801,6.82,32.10,0.01,-0.62,6.77,31.98,337751936,-843974400,371213
802,6.83,31.78,0.01,-0.62,9999,9999,-1.00,-1.00,371714
803,6.83,31.47,0.01,-0.62,9999,9999,-1.00,-1.00,372221
804,6.84,31.16,0.01,-0.62,9999,9999,-1.00,-1.00,372729
805,6.85,30.85,0.01,-0.62,9999,9999,-1.00,-1.00,373237
806,6.85,30.54,0.01,-0.62,9999,9999,-1.00,-1.00,373744
807,6.86,30.23,0.01,-0.62,9999,9999,-1.00,-1.00,374251
808,6.86,29.91,0.01,-0.62,9999,9999,-1.00,-1.00,374758
809,6.99,27.90,0.02,-0.61,7.12,28.43,337751968,-843974784,374962
810,7.04,27.66,0.02,-0.61,7.12,27.83,337751968,-843974848,375462
811,7.05,27.35,0.02,-0.61,9999,9999,-1.00,-1.00,375963
812,7.05,27.05,0.02,-0.61,9999,9999,-1.00,-1.00,376470
813,7.06,26.75,0.02,-0.61,9999,9999,-1.00,-1.00,376977
814,7.07,26.44,0.02,-0.61,9999,9999,-1.00,-1.00,377484
815,7.08,26.14,0.02,-0.61,9999,9999,-1.00,-1.00,377991
816,7.09,25.84,0.02,-0.61,9999,9999,-1.00,-1.00,378498
817,7.10,25.53,0.02,-0.61,9999,9999,-1.00,-1.00,379005
818,7.11,25.23,0.02,-0.61,9999,9999,-1.00,-1.00,379513
819,7.12,24.92,0.02,-0.61,9999,9999,-1.00,-1.00,380021
820,7.13,24.62,0.02,-0.61,9999,9999,-1.00,-1.00,380528
821,7.14,24.32,0.02,-0.61,9999,9999,-1.00,-1.00,381035
822,7.14,24.01,0.02,-0.61,9999,9999,-1.00,-1.00,381542
823,7.15,23.71,0.02,-0.61,9999,9999,-1.00,-1.00,382049
824,7.16,23.41,0.02,-0.61,9999,9999,-1.00,-1.00,382556
825,7.29,19.84,0.01,-0.57,7.48,20.73,337752000,-843975616,382960
826,7.30,19.55,0.01,-0.57,9999,9999,-1.00,-1.00,383461
827,7.31,19.27,0.01,-0.57,9999,9999,-1.00,-1.00,383968
828,7.31,18.99,0.01,-0.57,9999,9999,-1.00,-1.00,384475
829,7.32,18.70,0.01,-0.57,9999,9999,-1.00,-1.00,384982
830,7.32,18.42,0.01,-0.57,9999,9999,-1.00,-1.00,385489
831,7.33,18.14,0.01,-0.57,9999,9999,-1.00,-1.00,385997
832,7.34,17.85,0.01,-0.57,9999,9999,-1.00,-1.00,386504
833,7.34,17.57,0.01,-0.57,9999,9999,-1.00,-1.00,387011
834,7.35,17.29,0.01,-0.57,9999,9999,-1.00,-1.00,387518
835,7.36,17.01,0.01,-0.57,9999,9999,-1.00,-1.00,388025
836,7.36,16.72,0.01,-0.57,9999,9999,-1.00,-1.00,388532
837,7.18,13.52,-0.00,-0.56,7.12,13.62,337751968,-843976384,388959
838,7.18,13.24,-0.00,-0.56,9999,9999,-1.00,-1.00,389460
839,7.18,12.96,-0.00,-0.56,9999,9999,-1.00,-1.00,389968
840,7.18,12.68,-0.00,-0.56,9999,9999,-1.00,-1.00,390476
841,7.18,12.40,-0.00,-0.56,9999,9999,-1.00,-1.00,390983
842,7.17,12.12,-0.00,-0.56,9999,9999,-1.00,-1.00,391490
843,7.17,11.84,-0.00,-0.56,9999,9999,-1.00,-1.00,391997
844,7.17,11.56,-0.00,-0.56,9999,9999,-1.00,-1.00,392504
845,7.17,11.28,-0.00,-0.56,9999,9999,-1.00,-1.00,393011
846,7.17,11.00,-0.00,-0.56,9999,9999,-1.00,-1.00,393518
847,6.94,7.64,-0.01,-0.58,6.77,7.11,337751936,-843977088,393957
848,6.93,7.35,-0.01,-0.58,9999,9999,-1.00,-1.00,394458
849,6.93,7.06,-0.01,-0.58,9999,9999,-1.00,-1.00,394966
850,6.92,6.77,-0.01,-0.58,9999,9999,-1.00,-1.00,395473
851,6.92,6.48,-0.01,-0.58,9999,9999,-1.00,-1.00,395981
852,6.62,5.27,-0.03,-0.57,6.41,5.33,337751904,-843977280,396207
853,6.60,4.98,-0.03,-0.57,9999,9999,-1.00,-1.00,396708
854,6.59,4.70,-0.03,-0.57,9999,9999,-1.00,-1.00,397216
855,6.57,4.41,-0.03,-0.57,9999,9999,-1.00,-1.00,397723
856,6.56,4.12,-0.03,-0.57,9999,9999,-1.00,-1.00,398230
857,6.54,3.84,-0.03,-0.57,9999,9999,-1.00,-1.00,398737
858,6.53,3.55,-0.03,-0.57,9999,9999,-1.00,-1.00,399244
859,6.51,3.26,-0.03,-0.57,9999,9999,-1.00,-1.00,399751
860,6.50,2.98,-0.03,-0.57,9999,9999,-1.00,-1.00,400258
861,6.48,2.69,-0.03,-0.57,9999,9999,-1.00,-1.00,400765
862,6.47,2.41,-0.03,-0.57,9999,9999,-1.00,-1.00,401273
863,3.62,0.76,-0.21,-0.49,2.85,1.78,337751584,-843977664,401705
864,3.03,0.98,-0.25,-0.47,2.49,1.78,337751552,-843977664,402205
865,2.90,0.74,-0.25,-0.47,9999,9999,-1.00,-1.00,402706
866,2.78,0.50,-0.25,-0.47,9999,9999,-1.00,-1.00,403213
867,2.03,0.32,-0.28,-0.45,1.42,1.18,337751456,-843977728,403456
868,1.79,0.44,-0.30,-0.44,1.42,1.18,337751456,-843977728,403705
869,1.64,0.22,-0.30,-0.44,9999,9999,-1.00,-1.00,404206
870,1.49,0.00,-0.30,-0.44,9999,9999,-1.00,-1.00,404713
871,1.34,-0.22,-0.30,-0.44,9999,9999,-1.00,-1.00,405220
872,1.19,-0.44,-0.30,-0.44,9999,9999,-1.00,-1.00,405727
873,1.04,-0.66,-0.30,-0.44,9999,9999,-1.00,-1.00,406234
874,0.90,-0.88,-0.30,-0.44,9999,9999,-1.00,-1.00,406742
875,0.75,-1.09,-0.30,-0.44,9999,9999,-1.00,-1.00,407249
876,0.60,-1.31,-0.30,-0.44,9999,9999,-1.00,-1.00,407757
877,0.45,-1.53,-0.30,-0.44,9999,9999,-1.00,-1.00,408264
878,0.30,-1.75,-0.30,-0.44,9999,9999,-1.00,-1.00,408771
879,0.15,-1.97,-0.30,-0.44,9999,9999,-1.00,-1.00,409278
880,-3.19,-1.96,-0.43,-0.30,-3.21,1.18,337751040,-843977728,409454
881,-3.45,-1.11,-0.44,-0.26,-3.21,1.18,337751040,-843977728,409954
882,-3.58,-0.66,-0.44,-0.23,-3.21,1.18,337751040,-843977728,410454
883,-3.80,-0.78,-0.44,-0.23,9999,9999,-1.00,-1.00,410955
884,-4.02,-0.89,-0.44,-0.23,9999,9999,-1.00,-1.00,411462
