1,0.00,0.00,0.00,0.00,0.00,0.00,337751104,-843977792,1021
2,0.00,0.00,0.00,0.00,0.00,0.00,337751104,-843977792,1271
3,0.00,0.00,0.00,0.00,0.00,0.00,337751104,-843977792,1521
4,0.00,0.00,0.00,0.00,0.00,0.00,337751104,-843977792,1774
5,0.00,0.00,0.00,0.00,9999,9999,-1.00,-1.00,2275
6,0.00,0.00,0.00,0.00,9999,9999,-1.00,-1.00,2781
7,0.00,0.00,0.00,0.00,9999,9999,-1.00,-1.00,3288
8,0.00,0.00,0.00,0.00,9999,9999,-1.00,-1.00,3794
9,0.13,-0.03,0.02,-0.01,0.36,0.00,337751136,-843977792,4021
10,0.30,-0.07,0.05,-0.01,0.71,0.00,337751168,-843977792,4271
11,0.33,-0.07,0.05,-0.01,9999,9999,-1.00,-1.00,4772
12,0.35,-0.08,0.05,-0.01,9999,9999,-1.00,-1.00,5280
13,0.38,-0.08,0.05,-0.01,9999,9999,-1.00,-1.00,5787
14,1.18,-0.23,0.13,-0.03,2.14,0.00,337751296,-843977792,6273
15,1.64,-0.27,0.17,-0.03,2.49,0.00,337751328,-843977792,6770
16,1.73,-0.29,0.17,-0.03,9999,9999,-1.00,-1.00,7271
17,2.36,-0.34,0.23,-0.03,3.56,0.00,337751424,-843977792,7521
18,2.48,-0.36,0.23,-0.03,9999,9999,-1.00,-1.00,8022
19,2.59,-0.38,0.23,-0.03,9999,9999,-1.00,-1.00,8529
20,3.45,-0.42,0.28,-0.04,4.63,0.00,337751520,-843977792,8770
21,3.59,-0.44,0.28,-0.04,9999,9999,-1.00,-1.00,9271
22,4.40,-0.56,0.34,-0.05,5.70,-0.59,337751616,-843977856,9520
23,4.88,-0.62,0.38,-0.06,6.06,-0.59,337751648,-843977856,9769
24,5.07,-0.65,0.38,-0.06,9999,9999,-1.00,-1.00,10270
25,5.80,-0.72,0.42,-0.06,6.77,-0.59,337751712,-843977856,10772
26,6.17,-0.74,0.45,-0.06,7.12,-0.59,337751744,-843977856,11020
27,6.40,-0.77,0.45,-0.06,9999,9999,-1.00,-1.00,11521
28,6.62,-0.80,0.45,-0.06,9999,9999,-1.00,-1.00,12028
29,7.56,-0.88,0.49,-0.07,8.55,-0.59,337751872,-843977856,12269
30,7.81,-0.91,0.49,-0.07,9999,9999,-1.00,-1.00,12770
31,8.06,-0.94,0.49,-0.07,9999,9999,-1.00,-1.00,13277
32,8.30,-0.98,0.49,-0.07,9999,9999,-1.00,-1.00,13784
33,8.55,-1.01,0.49,-0.07,9999,9999,-1.00,-1.00,14291
34,8.80,-1.05,0.49,-0.07,9999,9999,-1.00,-1.00,14799
35,10.98,-1.17,0.56,-0.07,11.76,-0.59,337752160,-843977856,15270
36,11.54,-1.10,0.58,-0.07,12.11,-0.59,337752192,-843977856,15768
37,11.83,-1.14,0.58,-0.07,9999,9999,-1.00,-1.00,16269
38,12.43,-1.08,0.60,-0.06,12.82,-0.59,337752256,-843977856,16519
39,12.72,-1.02,0.61,-0.06,13.18,-0.59,337752288,-843977856,16769
40,13.02,-1.05,0.61,-0.06,9999,9999,-1.00,-1.00,17270
41,13.80,-1.14,0.63,-0.06,14.25,-1.18,337752384,-843977920,17768
42,14.11,-1.17,0.63,-0.06,9999,9999,-1.00,-1.00,18269
43,14.42,-1.20,0.63,-0.06,9999,9999,-1.00,-1.00,18776
44,14.74,-1.23,0.63,-0.06,9999,9999,-1.00,-1.00,19283
45,15.05,-1.26,0.63,-0.06,9999,9999,-1.00,-1.00,19791
46,15.37,-1.29,0.63,-0.06,9999,9999,-1.00,-1.00,20299
47,15.68,-1.32,0.63,-0.06,9999,9999,-1.00,-1.00,20806
48,18.23,-1.65,0.66,-0.07,18.52,-1.78,337752768,-843977984,21267
49,18.45,-1.70,0.66,-0.07,18.52,-1.78,337752768,-843977984,21517
50,18.78,-1.74,0.66,-0.07,9999,9999,-1.00,-1.00,22018
51,19.11,-1.78,0.66,-0.07,9999,9999,-1.00,-1.00,22525
52,19.44,-1.81,0.66,-0.07,9999,9999,-1.00,-1.00,23033
53,19.78,-1.85,0.66,-0.07,9999,9999,-1.00,-1.00,23541
54,21.36,-1.79,0.66,-0.06,21.37,-1.18,337753024,-843977920,24016
55,21.69,-1.82,0.66,-0.06,9999,9999,-1.00,-1.00,24517
56,22.12,-1.70,0.65,-0.05,22.09,-1.18,337753088,-843977920,24766
57,22.45,-1.72,0.65,-0.05,9999,9999,-1.00,-1.00,25267
58,22.97,-1.51,0.65,-0.04,23.15,-0.59,337753184,-843977856,25517
59,23.31,-1.25,0.65,-0.02,23.51,0.00,337753216,-843977792,26016
60,23.64,-1.26,0.65,-0.02,9999,9999,-1.00,-1.00,26517
61,23.96,-1.27,0.65,-0.02,9999,9999,-1.00,-1.00,27024
62,24.85,-0.79,0.63,0.01,24.94,1.18,337753344,-843977664,27515
63,25.03,-0.46,0.63,0.03,25.29,1.18,337753376,-843977664,27765
64,25.37,-0.10,0.63,0.05,25.65,1.78,337753408,-843977600,28265
65,25.69,-0.08,0.63,0.05,9999,9999,-1.00,-1.00,28766
66,26.04,0.22,0.63,0.06,26.36,1.78,337753472,-843977600,28773
67,26.36,0.25,0.63,0.06,9999,9999,-1.00,-1.00,29274
68,26.68,0.28,0.63,0.06,9999,9999,-1.00,-1.00,29782
69,26.99,0.31,0.63,0.06,9999,9999,-1.00,-1.00,30289
70,28.09,0.94,0.60,0.10,28.14,2.96,337753632,-843977472,30765
71,28.39,0.99,0.60,0.10,9999,9999,-1.00,-1.00,31266
72,28.96,1.56,0.60,0.13,29.21,3.55,337753728,-843977408,31765
73,29.26,1.63,0.60,0.13,9999,9999,-1.00,-1.00,32266
74,29.55,1.69,0.60,0.13,9999,9999,-1.00,-1.00,32773
75,30.18,2.33,0.58,0.16,30.28,4.15,337753824,-843977344,33014
76,30.36,2.67,0.58,0.18,30.64,4.15,337753856,-843977344,33267
77,30.65,2.76,0.58,0.18,9999,9999,-1.00,-1.00,33768
78,30.94,2.86,0.58,0.18,9999,9999,-1.00,-1.00,34275
79,31.61,3.40,0.57,0.20,31.70,4.74,337753952,-843977280,34514
80,31.90,3.71,0.57,0.22,32.06,4.74,337753984,-843977280,35014
81,32.19,3.81,0.57,0.22,9999,9999,-1.00,-1.00,35515
82,32.61,4.20,0.56,0.23,32.77,5.33,337754048,-843977216,35764
83,32.91,4.56,0.56,0.25,33.13,5.92,337754080,-843977152,36263
84,33.23,4.85,0.56,0.26,33.48,5.92,337754112,-843977152,36763
85,33.44,5.03,0.57,0.26,33.84,5.92,337754144,-843977152,37013
86,33.73,5.17,0.57,0.26,9999,9999,-1.00,-1.00,37514
87,34.21,5.51,0.58,0.27,34.55,6.51,337754208,-843977088,37767
88,34.50,5.65,0.58,0.27,9999,9999,-1.00,-1.00,38268
89,34.79,5.78,0.58,0.27,9999,9999,-1.00,-1.00,38776
90,35.61,6.26,0.59,0.28,35.98,7.11,337754336,-843977024,39015
91,35.98,6.49,0.59,0.29,36.33,7.11,337754368,-843977024,39513
92,36.24,6.62,0.61,0.29,36.69,7.11,337754400,-843977024,39762
93,36.54,6.77,0.61,0.29,9999,9999,-1.00,-1.00,40263
94,37.07,7.07,0.61,0.29,37.40,7.70,337754464,-843976960,40513
95,37.32,7.20,0.63,0.30,37.76,7.70,337754496,-843976960,40763
96,37.64,7.35,0.63,0.30,9999,9999,-1.00,-1.00,41264
97,38.27,7.57,0.65,0.30,38.83,7.70,337754592,-843976960,41512
98,38.59,7.72,0.65,0.30,9999,9999,-1.00,-1.00,42013
99,39.49,8.02,0.68,0.29,40.25,8.29,337754720,-843976896,42512
100,39.83,8.17,0.68,0.29,9999,9999,-1.00,-1.00,43013
101,40.49,8.44,0.70,0.29,40.97,8.88,337754784,-843976832,43262
102,40.81,8.55,0.71,0.29,41.32,8.88,337754816,-843976832,43514
103,41.12,8.64,0.73,0.29,41.68,8.88,337754848,-843976832,43762
104,41.64,8.85,0.75,0.30,42.39,9.48,337754912,-843976768,44262
105,42.01,8.99,0.75,0.30,9999,9999,-1.00,-1.00,44763
106,42.38,9.14,0.75,0.30,9999,9999,-1.00,-1.00,45270
107,43.67,9.64,0.77,0.30,44.17,10.07,337755072,-843976704,45761
108,44.01,9.74,0.78,0.30,44.53,10.07,337755104,-843976704,46011
109,44.34,9.83,0.80,0.30,44.88,10.07,337755136,-843976704,46262
110,44.74,9.98,0.80,0.30,9999,9999,-1.00,-1.00,46763
111,45.14,10.13,0.80,0.30,9999,9999,-1.00,-1.00,47270
112,45.54,10.28,0.80,0.30,9999,9999,-1.00,-1.00,47778
113,46.83,10.89,0.79,0.31,46.67,11.25,337755296,-843976576,48014
114,46.99,11.11,0.78,0.32,47.02,11.84,337755328,-843976512,48261
115,47.38,11.26,0.78,0.32,9999,9999,-1.00,-1.00,48762
116,47.77,11.42,0.78,0.32,9999,9999,-1.00,-1.00,49270
117,48.75,12.02,0.76,0.33,48.45,12.44,337755456,-843976448,49761
118,49.13,12.19,0.76,0.33,9999,9999,-1.00,-1.00,50262
119,49.48,12.67,0.73,0.35,49.16,13.62,337755520,-843976320,50510
120,49.60,12.90,0.72,0.36,49.51,13.62,337755552,-843976320,50760
121,49.97,13.08,0.72,0.36,9999,9999,-1.00,-1.00,51261
122,50.41,13.50,0.71,0.37,50.23,14.21,337755616,-843976256,51510
123,50.77,13.68,0.71,0.37,9999,9999,-1.00,-1.00,52011
124,51.12,13.87,0.71,0.37,9999,9999,-1.00,-1.00,52518
125,52.09,14.62,0.70,0.38,52.01,15.40,337755776,-843976128,53010
126,52.44,14.81,0.70,0.38,9999,9999,-1.00,-1.00,53511
127,52.86,15.27,0.68,0.40,52.72,15.99,337755840,-843976064,53760
128,53.02,15.47,0.68,0.41,53.08,15.99,337755872,-843976064,54009
129,53.15,15.72,0.68,0.42,53.08,16.58,337755872,-843976000,54259
130,53.49,15.93,0.68,0.42,9999,9999,-1.00,-1.00,54760
131,53.94,16.30,0.67,0.42,53.79,16.58,337755936,-843976000,55009
132,54.27,16.51,0.67,0.42,9999,9999,-1.00,-1.00,55510
133,54.78,16.87,0.67,0.42,54.86,17.17,337756032,-843975936,55759
134,55.12,17.08,0.67,0.42,9999,9999,-1.00,-1.00,56260
135,55.80,17.64,0.67,0.43,55.93,18.36,337756128,-843975808,56759
136,56.15,17.93,0.67,0.44,56.28,18.36,337756160,-843975808,57259
137,56.49,18.15,0.67,0.44,9999,9999,-1.00,-1.00,57760
138,57.27,18.72,0.68,0.45,57.71,19.54,337756288,-843975680,58259
139,57.61,18.94,0.68,0.45,9999,9999,-1.00,-1.00,58760
140,57.96,19.16,0.68,0.45,9999,9999,-1.00,-1.00,59267
141,59.02,19.88,0.69,0.45,59.13,20.13,337756416,-843975616,59758
142,59.36,20.10,0.69,0.45,9999,9999,-1.00,-1.00,60259
143,59.70,20.33,0.69,0.45,9999,9999,-1.00,-1.00,60766
144,60.70,20.84,0.70,0.44,60.91,20.73,337756576,-843975552,61007
145,61.05,21.06,0.70,0.44,9999,9999,-1.00,-1.00,61508
146,61.98,21.32,0.73,0.43,62.34,20.73,337756704,-843975552,62008
147,62.47,21.38,0.74,0.42,62.70,20.73,337756736,-843975552,62508
148,62.84,21.59,0.74,0.42,9999,9999,-1.00,-1.00,63009
149,63.21,21.80,0.74,0.42,9999,9999,-1.00,-1.00,63516
150,63.58,22.01,0.74,0.42,9999,9999,-1.00,-1.00,64023
151,63.95,22.22,0.74,0.42,9999,9999,-1.00,-1.00,64530
152,64.32,22.43,0.74,0.42,9999,9999,-1.00,-1.00,65037
153,64.69,22.64,0.74,0.42,9999,9999,-1.00,-1.00,65544
154,67.36,23.12,0.76,0.36,66.97,20.73,337757120,-843975552,66011
155,67.74,23.30,0.76,0.36,9999,9999,-1.00,-1.00,66512
156,68.11,23.48,0.76,0.36,9999,9999,-1.00,-1.00,67020
157,68.76,23.09,0.74,0.31,68.04,20.73,337757216,-843975552,67258
158,69.13,23.25,0.74,0.31,9999,9999,-1.00,-1.00,67759
159,69.50,23.40,0.74,0.31,9999,9999,-1.00,-1.00,68267
160,69.87,23.56,0.74,0.31,9999,9999,-1.00,-1.00,68774
161,70.57,23.21,0.70,0.27,69.46,20.73,337757344,-843975552,69006
162,70.91,23.35,0.70,0.27,9999,9999,-1.00,-1.00,69507
163,71.26,23.48,0.70,0.27,9999,9999,-1.00,-1.00,70014
164,72.05,22.74,0.68,0.21,71.24,19.54,337757504,-843975680,70508
165,72.39,22.84,0.68,0.21,9999,9999,-1.00,-1.00,71009
166,72.74,22.94,0.68,0.21,9999,9999,-1.00,-1.00,71516
167,73.40,22.13,0.68,0.15,72.67,18.95,337757632,-843975744,71756
168,73.61,21.52,0.67,0.12,73.03,18.95,337757664,-843975744,72255
169,73.94,21.58,0.67,0.12,9999,9999,-1.00,-1.00,72756
170,74.55,21.03,0.68,0.08,74.09,18.36,337757760,-843975808,73255
171,74.89,21.07,0.68,0.08,9999,9999,-1.00,-1.00,73756
172,75.23,21.11,0.68,0.08,9999,9999,-1.00,-1.00,74263
173,75.57,21.15,0.68,0.08,9999,9999,-1.00,-1.00,74770
174,76.34,20.41,0.65,0.04,75.16,17.17,337757856,-843975936,75008
175,76.44,19.70,0.63,-0.00,75.52,16.58,337757888,-843976000,75504
176,76.71,19.07,0.64,-0.04,76.23,15.99,337757952,-843976064,76004
177,76.87,18.60,0.64,-0.06,76.59,15.99,337757984,-843976064,76256
178,77.19,18.57,0.64,-0.06,9999,9999,-1.00,-1.00,76758
179,77.66,18.06,0.65,-0.09,77.30,15.40,337758048,-843976128,77004
180,77.98,18.01,0.65,-0.09,9999,9999,-1.00,-1.00,77505
181,78.31,17.96,0.65,-0.09,9999,9999,-1.00,-1.00,78012
182,78.63,17.92,0.65,-0.09,9999,9999,-1.00,-1.00,78519
183,78.96,17.87,0.65,-0.09,9999,9999,-1.00,-1.00,79026
184,80.49,16.80,0.65,-0.15,79.79,13.62,337758272,-843976320,79506
185,80.75,16.05,0.65,-0.19,80.15,13.03,337758304,-843976384,80004
186,81.07,15.96,0.65,-0.19,9999,9999,-1.00,-1.00,80505
187,81.40,15.87,0.65,-0.19,9999,9999,-1.00,-1.00,81013
188,81.73,15.77,0.65,-0.19,9999,9999,-1.00,-1.00,81520
189,82.95,14.48,0.65,-0.24,82.29,11.25,337758496,-843976576,82003
190,83.09,13.71,0.66,-0.29,82.64,10.66,337758528,-843976640,82253
191,83.27,13.15,0.66,-0.32,83.00,10.66,337758560,-843976640,82503
192,83.39,12.73,0.66,-0.34,83.00,10.66,337758560,-843976640,82753
193,83.72,12.56,0.66,-0.34,9999,9999,-1.00,-1.00,83254
194,84.05,12.38,0.66,-0.34,9999,9999,-1.00,-1.00,83761
195,84.39,12.21,0.66,-0.34,9999,9999,-1.00,-1.00,84268
196,85.49,11.18,0.64,-0.36,84.78,9.48,337758720,-843976768,84752
197,85.49,10.74,0.63,-0.38,84.78,8.88,337758720,-843976832,85003
198,85.57,10.40,0.63,-0.40,85.14,8.88,337758752,-843976832,85253
199,85.88,10.20,0.63,-0.40,9999,9999,-1.00,-1.00,85754
200,86.20,10.00,0.63,-0.40,9999,9999,-1.00,-1.00,86262
201,86.92,9.14,0.60,-0.41,86.21,7.70,337758848,-843976960,86752
202,87.23,8.94,0.60,-0.41,9999,9999,-1.00,-1.00,87254
203,87.51,8.39,0.59,-0.43,86.92,7.11,337758912,-843977024,87501
204,87.81,8.18,0.59,-0.43,9999,9999,-1.00,-1.00,88002
205,88.10,7.97,0.59,-0.43,9999,9999,-1.00,-1.00,88509
206,88.50,7.20,0.56,-0.44,87.63,5.92,337758976,-843977152,88752
207,88.78,6.98,0.56,-0.44,9999,9999,-1.00,-1.00,89253
208,89.18,6.33,0.54,-0.45,88.70,5.33,337759072,-843977216,89752
209,89.45,6.11,0.54,-0.45,9999,9999,-1.00,-1.00,90253
210,89.72,5.88,0.54,-0.45,9999,9999,-1.00,-1.00,90760
211,89.99,5.66,0.54,-0.45,9999,9999,-1.00,-1.00,91267
212,90.26,5.43,0.54,-0.45,9999,9999,-1.00,-1.00,91774
213,91.08,4.26,0.50,-0.46,90.48,3.55,337759232,-843977408,92001
214,91.13,3.91,0.50,-0.47,90.84,2.96,337759264,-843977472,92251
215,91.38,3.68,0.50,-0.47,9999,9999,-1.00,-1.00,92752
216,91.63,3.44,0.50,-0.47,9999,9999,-1.00,-1.00,93260
217,91.88,3.21,0.50,-0.47,9999,9999,-1.00,-1.00,93767
218,93.08,2.12,0.52,-0.48,93.33,1.78,337759488,-843977600,94252
219,93.38,1.83,0.54,-0.49,93.69,1.18,337759520,-843977664,94500
220,93.65,1.58,0.54,-0.49,9999,9999,-1.00,-1.00,95001
221,94.48,0.96,0.57,-0.50,95.11,0.59,337759648,-843977728,95500
222,95.03,0.66,0.59,-0.51,95.82,0.59,337759712,-843977728,96000
223,95.39,0.53,0.62,-0.51,96.18,0.59,337759744,-843977728,96249
224,95.73,0.41,0.63,-0.51,96.54,0.59,337759776,-843977728,96499
225,96.04,0.15,0.63,-0.51,9999,9999,-1.00,-1.00,97000
226,96.89,-0.42,0.66,-0.52,97.60,-0.59,337759872,-843977856,97502
227,97.23,-0.57,0.68,-0.53,97.96,-0.59,337759904,-843977856,97750
228,97.57,-0.83,0.68,-0.53,9999,9999,-1.00,-1.00,98251
229,98.50,-1.37,0.71,-0.53,99.39,-1.18,337760032,-843977920,98750
230,98.86,-1.63,0.71,-0.53,9999,9999,-1.00,-1.00,99251
231,99.77,-2.04,0.73,-0.52,100.45,-1.18,337760128,-843977920,99749
232,100.14,-2.31,0.73,-0.52,9999,9999,-1.00,-1.00,100250
233,100.51,-2.57,0.73,-0.52,9999,9999,-1.00,-1.00,100757
234,100.87,-2.83,0.73,-0.52,9999,9999,-1.00,-1.00,101264
235,101.24,-3.10,0.73,-0.52,9999,9999,-1.00,-1.00,101771
236,103.07,-3.78,0.75,-0.49,103.66,-1.78,337760416,-843977984,102001
237,103.44,-4.02,0.75,-0.49,9999,9999,-1.00,-1.00,102502
238,103.82,-4.27,0.75,-0.49,9999,9999,-1.00,-1.00,103009
239,104.86,-4.21,0.75,-0.45,105.44,-1.78,337760576,-843977984,103249
240,105.24,-4.44,0.75,-0.45,9999,9999,-1.00,-1.00,103750
241,105.61,-4.66,0.75,-0.45,9999,9999,-1.00,-1.00,104257
242,105.99,-4.89,0.75,-0.45,9999,9999,-1.00,-1.00,104764
243,106.37,-5.11,0.75,-0.45,9999,9999,-1.00,-1.00,105271
244,107.90,-4.90,0.73,-0.37,108.29,-1.78,337760832,-843977984,105497
245,108.26,-5.09,0.73,-0.37,9999,9999,-1.00,-1.00,105998
246,109.26,-4.58,0.74,-0.32,110.07,-1.78,337760992,-843977984,106500
247,109.79,-4.14,0.75,-0.29,110.43,-1.78,337761024,-843977984,106997
248,110.17,-4.28,0.75,-0.29,9999,9999,-1.00,-1.00,107498
249,110.54,-4.43,0.75,-0.29,9999,9999,-1.00,-1.00,108005
250,110.92,-4.57,0.75,-0.29,9999,9999,-1.00,-1.00,108512
251,112.33,-4.18,0.75,-0.24,112.92,-1.18,337761248,-843977920,108747
252,112.66,-3.65,0.76,-0.21,113.28,-1.18,337761280,-843977920,108997
253,113.04,-3.75,0.76,-0.21,9999,9999,-1.00,-1.00,109498
254,113.42,-3.86,0.76,-0.21,9999,9999,-1.00,-1.00,110005
255,113.80,-3.96,0.76,-0.21,9999,9999,-1.00,-1.00,110512
256,114.18,-4.06,0.76,-0.21,9999,9999,-1.00,-1.00,111019
257,114.56,-4.17,0.76,-0.21,9999,9999,-1.00,-1.00,111526
258,116.82,-3.96,0.75,-0.16,117.20,-1.78,337761632,-843977984,111996
259,117.20,-4.04,0.75,-0.16,9999,9999,-1.00,-1.00,112497
260,117.57,-4.12,0.75,-0.16,9999,9999,-1.00,-1.00,113004
261,117.95,-4.20,0.75,-0.16,9999,9999,-1.00,-1.00,113511
262,119.48,-3.74,0.76,-0.12,120.05,-1.78,337761888,-843977984,113745
263,119.86,-3.80,0.76,-0.12,9999,9999,-1.00,-1.00,114246
264,120.24,-3.86,0.76,-0.12,9999,9999,-1.00,-1.00,114753
265,120.62,-3.92,0.76,-0.12,9999,9999,-1.00,-1.00,115260
266,121.01,-3.98,0.76,-0.12,9999,9999,-1.00,-1.00,115767
267,121.39,-4.04,0.76,-0.12,9999,9999,-1.00,-1.00,116274
268,121.77,-4.10,0.76,-0.12,9999,9999,-1.00,-1.00,116781
269,122.15,-4.16,0.76,-0.12,9999,9999,-1.00,-1.00,117288
270,122.53,-4.22,0.76,-0.12,9999,9999,-1.00,-1.00,117796
271,122.91,-4.28,0.76,-0.12,9999,9999,-1.00,-1.00,118304
272,123.29,-4.34,0.76,-0.12,9999,9999,-1.00,-1.00,118811
273,123.67,-4.40,0.76,-0.12,9999,9999,-1.00,-1.00,119318
274,124.06,-4.46,0.76,-0.12,9999,9999,-1.00,-1.00,119825
275,124.44,-4.52,0.76,-0.12,9999,9999,-1.00,-1.00,120332
276,124.82,-4.58,0.76,-0.12,9999,9999,-1.00,-1.00,120839
277,125.20,-4.64,0.76,-0.12,9999,9999,-1.00,-1.00,121346
278,125.58,-4.70,0.76,-0.12,9999,9999,-1.00,-1.00,121853
279,125.96,-4.76,0.76,-0.12,9999,9999,-1.00,-1.00,122361
280,126.34,-4.82,0.76,-0.12,9999,9999,-1.00,-1.00,122869
281,126.72,-4.88,0.76,-0.12,9999,9999,-1.00,-1.00,123376
282,127.10,-4.94,0.76,-0.12,9999,9999,-1.00,-1.00,123883
283,134.72,-3.25,0.73,-0.01,135.01,-1.78,337763232,-843977984,124243
284,135.08,-3.25,0.73,-0.01,9999,9999,-1.00,-1.00,124744
285,135.45,-3.26,0.73,-0.01,9999,9999,-1.00,-1.00,125251
286,135.82,-3.26,0.73,-0.01,9999,9999,-1.00,-1.00,125758
287,136.19,-3.27,0.73,-0.01,9999,9999,-1.00,-1.00,126265
288,136.56,-3.27,0.73,-0.01,9999,9999,-1.00,-1.00,126772
289,136.92,-3.28,0.73,-0.01,9999,9999,-1.00,-1.00,127279
290,137.29,-3.28,0.73,-0.01,9999,9999,-1.00,-1.00,127787
291,137.66,-3.29,0.73,-0.01,9999,9999,-1.00,-1.00,128294
292,138.03,-3.29,0.73,-0.01,9999,9999,-1.00,-1.00,128802
293,138.40,-3.30,0.73,-0.01,9999,9999,-1.00,-1.00,129309
294,138.77,-3.30,0.73,-0.01,9999,9999,-1.00,-1.00,129816
295,139.13,-3.31,0.73,-0.01,9999,9999,-1.00,-1.00,130323
296,139.50,-3.32,0.73,-0.01,9999,9999,-1.00,-1.00,130830
297,139.87,-3.32,0.73,-0.01,9999,9999,-1.00,-1.00,131337
298,140.24,-3.33,0.73,-0.01,9999,9999,-1.00,-1.00,131844
299,140.61,-3.33,0.73,-0.01,9999,9999,-1.00,-1.00,132352
300,140.98,-3.34,0.73,-0.01,9999,9999,-1.00,-1.00,132859
301,141.34,-3.34,0.73,-0.01,9999,9999,-1.00,-1.00,133367
302,141.71,-3.35,0.73,-0.01,9999,9999,-1.00,-1.00,133874
303,142.08,-3.35,0.73,-0.01,9999,9999,-1.00,-1.00,134381
304,142.45,-3.36,0.73,-0.01,9999,9999,-1.00,-1.00,134888
305,142.82,-3.36,0.73,-0.01,9999,9999,-1.00,-1.00,135395
306,148.64,-0.74,0.62,0.08,148.54,0.00,337764448,-843977792,135741
307,148.95,-0.70,0.62,0.08,9999,9999,-1.00,-1.00,136242
308,149.26,-0.66,0.62,0.08,9999,9999,-1.00,-1.00,136749
309,149.57,-0.62,0.62,0.08,9999,9999,-1.00,-1.00,137256
310,149.88,-0.58,0.62,0.08,9999,9999,-1.00,-1.00,137764
311,151.62,-0.49,0.63,0.07,151.75,-0.59,337764736,-843977856,138241
312,151.93,-0.46,0.63,0.07,9999,9999,-1.00,-1.00,138742
313,152.43,-0.47,0.63,0.07,152.46,-0.59,337764800,-843977856,138990
314,152.75,-0.43,0.63,0.07,9999,9999,-1.00,-1.00,139491
315,153.06,-0.40,0.63,0.07,9999,9999,-1.00,-1.00,139998
316,153.38,-0.36,0.63,0.07,9999,9999,-1.00,-1.00,140505
317,154.38,-0.16,0.62,0.08,154.24,0.00,337764960,-843977792,140739
318,154.69,-0.12,0.62,0.08,9999,9999,-1.00,-1.00,141240
319,155.00,-0.08,0.62,0.08,9999,9999,-1.00,-1.00,141747
320,155.31,-0.04,0.62,0.08,9999,9999,-1.00,-1.00,142254
321,155.62,-0.00,0.62,0.08,9999,9999,-1.00,-1.00,142761
322,156.86,0.31,0.61,0.08,156.74,0.59,337765184,-843977728,142989
323,157.17,0.35,0.61,0.08,9999,9999,-1.00,-1.00,143490
324,157.47,0.40,0.61,0.08,9999,9999,-1.00,-1.00,143997
325,158.44,0.54,0.61,0.08,158.52,0.59,337765344,-843977728,144489
326,158.74,0.58,0.61,0.08,9999,9999,-1.00,-1.00,144990
327,159.05,0.62,0.61,0.08,9999,9999,-1.00,-1.00,145497
328,159.35,0.66,0.61,0.08,9999,9999,-1.00,-1.00,146004
329,159.66,0.70,0.61,0.08,9999,9999,-1.00,-1.00,146512
330,159.96,0.75,0.61,0.08,9999,9999,-1.00,-1.00,147020
331,160.27,0.79,0.61,0.08,9999,9999,-1.00,-1.00,147527
332,160.58,0.83,0.61,0.08,9999,9999,-1.00,-1.00,148034
333,160.88,0.87,0.61,0.08,9999,9999,-1.00,-1.00,148541
334,161.19,0.92,0.61,0.08,9999,9999,-1.00,-1.00,149048
335,161.49,0.96,0.61,0.08,9999,9999,-1.00,-1.00,149555
336,161.80,1.00,0.61,0.08,9999,9999,-1.00,-1.00,150062
337,165.57,1.62,0.62,0.09,165.64,1.78,337765984,-843977600,150488
338,165.88,1.66,0.62,0.09,9999,9999,-1.00,-1.00,150989
339,166.19,1.71,0.62,0.09,9999,9999,-1.00,-1.00,151496
340,166.50,1.75,0.62,0.09,9999,9999,-1.00,-1.00,152003
341,167.69,1.85,0.62,0.09,167.78,1.78,337766176,-843977600,152237
342,168.01,1.89,0.62,0.09,9999,9999,-1.00,-1.00,152738
343,168.32,1.93,0.62,0.09,9999,9999,-1.00,-1.00,153245
344,169.64,1.72,0.66,0.07,170.27,1.18,337766400,-843977664,153487
345,169.97,1.76,0.66,0.07,9999,9999,-1.00,-1.00,153988
346,170.30,1.79,0.66,0.07,9999,9999,-1.00,-1.00,154496
347,170.64,1.83,0.66,0.07,9999,9999,-1.00,-1.00,155003
348,172.32,1.87,0.69,0.06,172.77,1.78,337766624,-843977600,155486
349,172.67,1.90,0.69,0.06,9999,9999,-1.00,-1.00,155987
350,173.02,1.93,0.69,0.06,9999,9999,-1.00,-1.00,156495
351,173.37,1.96,0.69,0.06,9999,9999,-1.00,-1.00,157003
352,173.72,1.99,0.69,0.06,9999,9999,-1.00,-1.00,157510
353,174.06,2.02,0.69,0.06,9999,9999,-1.00,-1.00,158017
354,174.41,2.05,0.69,0.06,9999,9999,-1.00,-1.00,158524
355,177.12,2.03,0.73,0.04,177.40,1.78,337767040,-843977600,158736
356,177.48,2.05,0.73,0.04,9999,9999,-1.00,-1.00,159237
357,177.85,2.07,0.73,0.04,9999,9999,-1.00,-1.00,159744
358,178.22,2.09,0.73,0.04,9999,9999,-1.00,-1.00,160251
359,178.58,2.12,0.73,0.04,9999,9999,-1.00,-1.00,160759
360,178.95,2.14,0.73,0.04,9999,9999,-1.00,-1.00,161266
361,179.32,2.16,0.73,0.04,9999,9999,-1.00,-1.00,161773
362,179.68,2.18,0.73,0.04,9999,9999,-1.00,-1.00,162280
363,182.13,2.64,0.71,0.06,182.03,2.96,337767456,-843977472,162485
364,182.48,2.67,0.71,0.06,9999,9999,-1.00,-1.00,162987
365,182.84,2.70,0.71,0.06,9999,9999,-1.00,-1.00,163494
366,183.19,2.73,0.71,0.06,9999,9999,-1.00,-1.00,164002
367,183.55,2.76,0.71,0.06,9999,9999,-1.00,-1.00,164509
368,183.90,2.79,0.71,0.06,9999,9999,-1.00,-1.00,165016
369,184.26,2.82,0.71,0.06,9999,9999,-1.00,-1.00,165523
370,184.61,2.85,0.71,0.06,9999,9999,-1.00,-1.00,166030
371,186.26,4.17,0.63,0.11,185.95,5.33,337767808,-843977216,166237
372,186.58,4.23,0.63,0.11,9999,9999,-1.00,-1.00,166738
373,187.09,4.68,0.62,0.13,187.02,5.33,337767904,-843977216,167233
374,187.40,4.75,0.62,0.13,9999,9999,-1.00,-1.00,167734
375,187.71,4.81,0.62,0.13,9999,9999,-1.00,-1.00,168241
376,188.03,4.88,0.62,0.13,9999,9999,-1.00,-1.00,168748
377,188.34,4.94,0.62,0.13,9999,9999,-1.00,-1.00,169255
378,188.65,5.01,0.62,0.13,9999,9999,-1.00,-1.00,169763
379,188.96,5.08,0.62,0.13,9999,9999,-1.00,-1.00,170270
380,189.27,5.14,0.62,0.13,9999,9999,-1.00,-1.00,170777
381,189.58,5.21,0.62,0.13,9999,9999,-1.00,-1.00,171284
382,189.90,5.27,0.62,0.13,9999,9999,-1.00,-1.00,171791
383,190.21,5.34,0.62,0.13,9999,9999,-1.00,-1.00,172298
384,190.52,5.40,0.62,0.13,9999,9999,-1.00,-1.00,172805
385,190.83,5.47,0.62,0.13,9999,9999,-1.00,-1.00,173312
386,191.14,5.53,0.62,0.13,9999,9999,-1.00,-1.00,173819
387,191.45,5.60,0.62,0.13,9999,9999,-1.00,-1.00,174327
388,191.77,5.66,0.62,0.13,9999,9999,-1.00,-1.00,174834
389,192.08,5.73,0.62,0.13,9999,9999,-1.00,-1.00,175341
390,192.39,5.79,0.62,0.13,9999,9999,-1.00,-1.00,175848
391,197.28,8.16,0.59,0.18,197.35,8.88,337768832,-843976832,175981
392,197.57,8.25,0.59,0.18,9999,9999,-1.00,-1.00,176482
393,197.87,8.34,0.59,0.18,9999,9999,-1.00,-1.00,176989
394,198.16,8.43,0.59,0.18,9999,9999,-1.00,-1.00,177496
395,198.46,8.52,0.59,0.18,9999,9999,-1.00,-1.00,178003
396,198.75,8.60,0.59,0.18,9999,9999,-1.00,-1.00,178511
397,199.05,8.69,0.59,0.18,9999,9999,-1.00,-1.00,179019
398,199.34,8.78,0.59,0.18,9999,9999,-1.00,-1.00,179526
399,199.64,8.87,0.59,0.18,9999,9999,-1.00,-1.00,180033
400,199.93,8.96,0.59,0.18,9999,9999,-1.00,-1.00,180540
401,200.22,9.05,0.59,0.18,9999,9999,-1.00,-1.00,181047
402,204.13,10.31,0.63,0.19,204.47,10.66,337769472,-843976640,181230
403,204.76,10.70,0.65,0.19,205.18,11.25,337769536,-843976576,181730
404,205.08,10.80,0.65,0.19,9999,9999,-1.00,-1.00,182231
405,205.40,10.90,0.65,0.19,9999,9999,-1.00,-1.00,182738
406,206.59,11.38,0.66,0.20,206.97,11.84,337769696,-843976512,183230
407,206.92,11.48,0.66,0.20,9999,9999,-1.00,-1.00,183731
408,207.25,11.58,0.66,0.20,9999,9999,-1.00,-1.00,184238
409,208.04,12.00,0.66,0.21,208.03,12.44,337769792,-843976448,184479
410,208.37,12.10,0.66,0.21,9999,9999,-1.00,-1.00,184980
411,209.02,12.62,0.65,0.22,209.10,13.62,337769888,-843976320,185481
412,209.34,12.73,0.65,0.22,9999,9999,-1.00,-1.00,185982
413,209.67,12.84,0.65,0.22,9999,9999,-1.00,-1.00,186490
414,209.99,12.95,0.65,0.22,9999,9999,-1.00,-1.00,186998
415,210.32,13.06,0.65,0.22,9999,9999,-1.00,-1.00,187505
416,210.65,13.18,0.65,0.22,9999,9999,-1.00,-1.00,188012
417,210.97,13.29,0.65,0.22,9999,9999,-1.00,-1.00,188519
418,211.30,13.40,0.65,0.22,9999,9999,-1.00,-1.00,189026
419,211.62,13.51,0.65,0.22,9999,9999,-1.00,-1.00,189533
420,211.95,13.62,0.65,0.22,9999,9999,-1.00,-1.00,190040
421,212.27,13.73,0.65,0.22,9999,9999,-1.00,-1.00,190547
422,212.60,13.84,0.65,0.22,9999,9999,-1.00,-1.00,191055
423,213.77,17.61,0.45,0.35,213.38,20.13,337770272,-843975616,191478
424,213.61,18.73,0.41,0.40,213.38,20.73,337770272,-843975552,191978
425,213.82,18.93,0.41,0.40,9999,9999,-1.00,-1.00,192479
426,214.03,19.13,0.41,0.40,9999,9999,-1.00,-1.00,192986
427,214.00,20.48,0.37,0.45,213.38,22.50,337770272,-843975360,193230
428,214.19,20.70,0.37,0.45,9999,9999,-1.00,-1.00,193731
429,214.37,20.92,0.37,0.45,9999,9999,-1.00,-1.00,194238
430,214.34,22.24,0.32,0.49,213.73,24.28,337770304,-843975168,194479
431,214.23,23.02,0.29,0.52,213.73,24.87,337770304,-843975104,194977
432,214.38,23.27,0.29,0.52,9999,9999,-1.00,-1.00,195478
433,214.52,23.53,0.29,0.52,9999,9999,-1.00,-1.00,195985
434,214.67,23.79,0.29,0.52,9999,9999,-1.00,-1.00,196492
435,214.82,24.05,0.29,0.52,9999,9999,-1.00,-1.00,196999
436,214.97,24.31,0.29,0.52,9999,9999,-1.00,-1.00,197506
437,215.11,24.57,0.29,0.52,9999,9999,-1.00,-1.00,198013
438,215.26,24.83,0.29,0.52,9999,9999,-1.00,-1.00,198521
439,215.41,25.09,0.29,0.52,9999,9999,-1.00,-1.00,199029
440,215.55,25.35,0.29,0.52,9999,9999,-1.00,-1.00,199536
441,215.70,25.61,0.29,0.52,9999,9999,-1.00,-1.00,200043
442,213.28,30.80,-0.02,0.66,211.95,33.16,337770144,-843974208,200476
443,212.64,31.66,-0.07,0.70,211.95,33.16,337770144,-843974208,200726
444,212.61,32.01,-0.07,0.70,9999,9999,-1.00,-1.00,201227
445,212.57,32.36,-0.07,0.70,9999,9999,-1.00,-1.00,201734
446,212.54,32.71,-0.07,0.70,9999,9999,-1.00,-1.00,202241
447,212.50,33.06,-0.07,0.70,9999,9999,-1.00,-1.00,202748
448,212.47,33.41,-0.07,0.70,9999,9999,-1.00,-1.00,203256
449,212.43,33.77,-0.07,0.70,9999,9999,-1.00,-1.00,203763
450,212.40,34.12,-0.07,0.70,9999,9999,-1.00,-1.00,204270
451,212.36,34.47,-0.07,0.70,9999,9999,-1.00,-1.00,204777
452,212.33,34.82,-0.07,0.70,9999,9999,-1.00,-1.00,205284
453,212.64,38.23,-0.03,0.70,213.02,38.49,337770240,-843973632,205474
454,212.63,38.58,-0.03,0.70,9999,9999,-1.00,-1.00,205975
455,212.61,38.93,-0.03,0.70,9999,9999,-1.00,-1.00,206482
456,213.14,39.71,0.01,0.69,213.73,39.68,337770304,-843973504,206728
457,213.34,40.10,0.03,0.69,213.73,40.27,337770304,-843973440,207224
458,213.36,40.45,0.03,0.69,9999,9999,-1.00,-1.00,207725
459,213.38,40.94,0.03,0.69,213.38,40.86,337770272,-843973376,207975
460,213.39,41.29,0.03,0.69,9999,9999,-1.00,-1.00,208476
461,213.41,41.64,0.03,0.69,9999,9999,-1.00,-1.00,208983
462,213.42,41.98,0.03,0.69,9999,9999,-1.00,-1.00,209490
463,213.43,42.33,0.03,0.69,9999,9999,-1.00,-1.00,209998
464,213.45,42.67,0.03,0.69,9999,9999,-1.00,-1.00,210505
465,213.46,43.02,0.03,0.69,9999,9999,-1.00,-1.00,211012
466,213.48,43.37,0.03,0.69,9999,9999,-1.00,-1.00,211519
467,213.49,43.71,0.03,0.69,9999,9999,-1.00,-1.00,212026
468,213.38,46.11,0.01,0.67,213.02,45.01,337770240,-843972928,212224
469,213.39,46.44,0.01,0.67,9999,9999,-1.00,-1.00,212725
470,213.39,46.78,0.01,0.67,9999,9999,-1.00,-1.00,213232
471,212.94,47.52,-0.02,0.66,212.31,46.78,337770176,-843972736,213723
472,212.93,47.85,-0.02,0.66,9999,9999,-1.00,-1.00,214224
473,212.92,48.18,-0.02,0.66,9999,9999,-1.00,-1.00,214732
474,212.90,48.51,-0.02,0.66,9999,9999,-1.00,-1.00,215239
475,212.89,48.84,-0.02,0.66,9999,9999,-1.00,-1.00,215746
476,212.64,50.07,-0.03,0.64,212.31,49.15,337770176,-843972480,216222
477,212.63,50.39,-0.03,0.64,9999,9999,-1.00,-1.00,216723
478,212.61,50.71,-0.03,0.64,9999,9999,-1.00,-1.00,217230
479,212.35,51.19,-0.05,0.63,211.95,50.34,337770144,-843972352,217472
480,212.33,51.50,-0.05,0.63,9999,9999,-1.00,-1.00,217973
481,212.31,51.82,-0.05,0.63,9999,9999,-1.00,-1.00,218480
482,212.28,52.13,-0.05,0.63,9999,9999,-1.00,-1.00,218987
483,212.26,52.45,-0.05,0.63,9999,9999,-1.00,-1.00,219494
484,212.09,53.69,-0.05,0.62,211.95,53.30,337770144,-843972032,219721
485,212.06,54.00,-0.05,0.62,9999,9999,-1.00,-1.00,220222
486,212.03,54.31,-0.05,0.62,9999,9999,-1.00,-1.00,220729
487,211.99,54.91,-0.05,0.61,211.95,54.48,337770144,-843971904,220972
488,211.96,55.22,-0.05,0.61,9999,9999,-1.00,-1.00,221473
489,211.94,55.52,-0.05,0.61,9999,9999,-1.00,-1.00,221980
490,211.92,55.83,-0.05,0.61,9999,9999,-1.00,-1.00,222487
491,211.89,56.14,-0.05,0.61,9999,9999,-1.00,-1.00,222994
492,211.90,57.30,-0.04,0.60,211.95,56.85,337770144,-843971648,223220
493,211.88,57.60,-0.04,0.60,9999,9999,-1.00,-1.00,223721
494,211.78,57.90,-0.04,0.59,211.60,57.44,337770112,-843971584,223971
495,211.76,58.19,-0.04,0.59,9999,9999,-1.00,-1.00,224472
496,211.74,58.49,-0.04,0.59,9999,9999,-1.00,-1.00,224979
497,211.72,58.79,-0.04,0.59,9999,9999,-1.00,-1.00,225487
498,211.70,59.08,-0.04,0.59,9999,9999,-1.00,-1.00,225995
499,211.68,59.38,-0.04,0.59,9999,9999,-1.00,-1.00,226502
500,211.66,59.67,-0.04,0.59,9999,9999,-1.00,-1.00,227009
501,211.64,59.97,-0.04,0.59,9999,9999,-1.00,-1.00,227516
502,211.62,60.27,-0.04,0.59,9999,9999,-1.00,-1.00,228023
503,211.60,60.56,-0.04,0.59,9999,9999,-1.00,-1.00,228530
504,211.58,60.86,-0.04,0.59,9999,9999,-1.00,-1.00,229037
505,211.55,61.16,-0.04,0.59,9999,9999,-1.00,-1.00,229544
506,211.53,61.45,-0.04,0.59,9999,9999,-1.00,-1.00,230052
507,210.44,65.31,-0.09,0.60,210.17,65.14,337769984,-843970752,230469
508,210.40,65.61,-0.09,0.60,9999,9999,-1.00,-1.00,230970
509,210.35,65.91,-0.09,0.60,9999,9999,-1.00,-1.00,231477
510,210.19,66.76,-0.10,0.60,210.17,66.92,337769984,-843970560,231718
511,210.17,66.91,-0.10,0.60,210.17,66.92,337769984,-843970560,231968
512,210.12,67.21,-0.10,0.60,9999,9999,-1.00,-1.00,232469
513,210.07,67.51,-0.10,0.60,9999,9999,-1.00,-1.00,232976
514,210.00,68.48,-0.09,0.60,210.17,68.70,337769984,-843970368,233468
515,209.96,68.78,-0.09,0.60,9999,9999,-1.00,-1.00,233969
516,209.97,69.24,-0.08,0.60,210.17,69.29,337769984,-843970304,234218
517,209.93,69.54,-0.08,0.60,9999,9999,-1.00,-1.00,234719
518,209.89,69.85,-0.08,0.60,9999,9999,-1.00,-1.00,235226
519,209.85,70.15,-0.08,0.60,9999,9999,-1.00,-1.00,235734
520,209.80,70.45,-0.08,0.60,9999,9999,-1.00,-1.00,236241
521,209.74,71.70,-0.07,0.59,209.81,71.06,337769952,-843970112,236718
522,209.70,72.00,-0.07,0.59,9999,9999,-1.00,-1.00,237219
523,209.67,72.29,-0.07,0.59,9999,9999,-1.00,-1.00,237726
524,209.69,73.08,-0.06,0.58,209.81,72.84,337769952,-843969920,238220
525,209.66,73.37,-0.06,0.58,9999,9999,-1.00,-1.00,238721
526,209.63,73.66,-0.06,0.58,9999,9999,-1.00,-1.00,239228
527,209.60,73.95,-0.06,0.58,9999,9999,-1.00,-1.00,239736
528,209.57,74.24,-0.06,0.58,9999,9999,-1.00,-1.00,240243
529,209.55,74.53,-0.06,0.58,9999,9999,-1.00,-1.00,240750
530,209.52,74.82,-0.06,0.58,9999,9999,-1.00,-1.00,241257
531,209.49,75.12,-0.06,0.58,9999,9999,-1.00,-1.00,241764
532,209.46,75.41,-0.06,0.58,9999,9999,-1.00,-1.00,242271
533,210.11,77.74,0.01,0.56,210.53,77.58,337770016,-843969408,242718
534,210.12,78.02,0.01,0.56,9999,9999,-1.00,-1.00,243219
535,210.12,78.30,0.01,0.56,9999,9999,-1.00,-1.00,243726
536,210.13,78.59,0.01,0.56,9999,9999,-1.00,-1.00,244233
537,210.14,78.87,0.01,0.56,9999,9999,-1.00,-1.00,244740
538,210.36,80.35,0.02,0.56,210.53,80.54,337770016,-843969088,245216
539,210.41,80.77,0.03,0.57,210.53,81.13,337770016,-843969024,245715
540,210.43,81.05,0.03,0.57,9999,9999,-1.00,-1.00,246216
541,210.44,81.34,0.03,0.57,9999,9999,-1.00,-1.00,246723
542,210.46,82.54,0.02,0.59,210.53,83.50,337770016,-843968768,247218
543,210.36,83.12,0.01,0.60,210.17,84.09,337769984,-843968704,247715
544,210.36,83.42,0.01,0.60,9999,9999,-1.00,-1.00,248216
545,210.37,83.72,0.01,0.60,9999,9999,-1.00,-1.00,248723
546,210.27,84.91,-0.00,0.62,210.17,85.87,337769984,-843968512,249214
547,210.27,85.22,-0.00,0.62,9999,9999,-1.00,-1.00,249715
548,210.21,85.84,-0.01,0.63,210.17,86.46,337769984,-843968448,249964
549,210.27,86.31,-0.01,0.64,210.53,87.05,337770016,-843968384,250465
550,210.27,86.63,-0.01,0.64,9999,9999,-1.00,-1.00,250966
551,210.26,86.95,-0.01,0.64,9999,9999,-1.00,-1.00,251473
552,210.26,87.26,-0.01,0.64,9999,9999,-1.00,-1.00,251981
553,210.25,87.58,-0.01,0.64,9999,9999,-1.00,-1.00,252488
554,210.13,89.51,-0.02,0.66,210.17,90.61,337769984,-843968000,252964
555,210.11,89.86,-0.03,0.67,210.17,90.61,337769984,-843968000,253214
556,210.09,90.22,-0.03,0.68,210.17,91.20,337769984,-843967936,253464
557,210.07,90.56,-0.03,0.68,9999,9999,-1.00,-1.00,253965
558,210.06,90.90,-0.03,0.68,9999,9999,-1.00,-1.00,254472
559,210.04,91.24,-0.03,0.68,9999,9999,-1.00,-1.00,254979
560,210.03,91.58,-0.03,0.68,9999,9999,-1.00,-1.00,255486
561,209.74,93.24,-0.05,0.69,209.46,93.57,337769920,-843967680,255713
562,209.71,93.58,-0.05,0.69,9999,9999,-1.00,-1.00,256214
563,209.47,94.14,-0.07,0.69,209.10,94.16,337769888,-843967616,256463
564,209.25,94.41,-0.10,0.70,208.75,94.75,337769856,-843967552,256713
565,209.11,94.62,-0.11,0.71,208.75,94.75,337769856,-843967552,256963
566,209.06,94.97,-0.11,0.71,9999,9999,-1.00,-1.00,257464
567,208.84,95.49,-0.12,0.71,208.39,95.34,337769824,-843967488,257713
568,208.65,95.72,-0.14,0.71,208.03,95.94,337769792,-843967424,257963
569,208.41,96.08,-0.16,0.71,207.68,95.94,337769760,-843967424,258462
570,208.19,96.23,-0.18,0.72,207.32,95.94,337769728,-843967424,258712
571,208.11,96.59,-0.18,0.72,9999,9999,-1.00,-1.00,259213
572,207.59,97.25,-0.22,0.72,206.25,96.53,337769632,-843967360,259713
573,207.19,97.51,-0.26,0.72,205.90,96.53,337769600,-843967360,260212
574,206.73,97.75,-0.30,0.71,205.18,96.53,337769536,-843967360,260712
575,206.37,97.81,-0.33,0.71,204.83,96.53,337769504,-843967360,260962
576,206.07,97.86,-0.36,0.70,204.83,96.53,337769504,-843967360,261212
577,205.78,97.92,-0.38,0.70,204.47,96.53,337769472,-843967360,261462
578,205.48,97.97,-0.41,0.69,204.12,96.53,337769440,-843967360,261711
579,205.16,98.08,-0.44,0.69,203.76,97.12,337769408,-843967296,261964
580,204.95,98.42,-0.44,0.69,9999,9999,-1.00,-1.00,262465
581,204.21,98.95,-0.48,0.68,202.69,97.12,337769312,-843967296,262962
582,203.97,99.29,-0.48,0.68,9999,9999,-1.00,-1.00,263463
583,203.74,99.63,-0.48,0.68,9999,9999,-1.00,-1.00,263971
584,202.65,100.11,-0.54,0.66,200.91,97.12,337769152,-843967296,264211
585,201.95,100.09,-0.59,0.63,200.20,97.12,337769088,-843967296,264711
586,201.65,100.40,-0.59,0.63,9999,9999,-1.00,-1.00,265212
587,201.36,100.72,-0.59,0.63,9999,9999,-1.00,-1.00,265720
588,201.06,101.04,-0.59,0.63,9999,9999,-1.00,-1.00,266227
589,200.76,101.35,-0.59,0.63,9999,9999,-1.00,-1.00,266734
590,200.47,101.67,-0.59,0.63,9999,9999,-1.00,-1.00,267241
591,200.17,101.99,-0.59,0.63,9999,9999,-1.00,-1.00,267748
592,199.87,102.30,-0.59,0.63,9999,9999,-1.00,-1.00,268255
593,199.58,102.62,-0.59,0.63,9999,9999,-1.00,-1.00,268762
594,199.28,102.94,-0.59,0.63,9999,9999,-1.00,-1.00,269270
595,198.98,103.25,-0.59,0.63,9999,9999,-1.00,-1.00,269777
596,198.68,103.57,-0.59,0.63,9999,9999,-1.00,-1.00,270285
597,198.39,103.89,-0.59,0.63,9999,9999,-1.00,-1.00,270792
598,193.71,103.13,-0.63,0.37,192.00,96.53,337768352,-843967360,271210
599,192.72,101.24,-0.67,0.26,191.29,96.53,337768288,-843967360,271710
600,192.39,101.37,-0.67,0.26,9999,9999,-1.00,-1.00,272211
601,192.05,101.50,-0.67,0.26,9999,9999,-1.00,-1.00,272719
602,191.72,101.63,-0.67,0.26,9999,9999,-1.00,-1.00,273227
603,189.98,100.60,-0.70,0.18,188.80,97.12,337768064,-843967296,273460
604,189.63,100.69,-0.70,0.18,9999,9999,-1.00,-1.00,273961
605,189.28,100.78,-0.70,0.18,9999,9999,-1.00,-1.00,274469
606,188.93,100.87,-0.70,0.18,9999,9999,-1.00,-1.00,274977
607,186.82,100.22,-0.75,0.14,185.59,97.71,337767776,-843967232,275459
608,186.45,100.29,-0.75,0.14,9999,9999,-1.00,-1.00,275960
609,186.07,100.36,-0.75,0.14,9999,9999,-1.00,-1.00,276467
610,184.71,99.79,-0.77,0.11,183.81,97.71,337767616,-843967232,276711
611,184.32,99.85,-0.77,0.11,9999,9999,-1.00,-1.00,277212
612,183.94,99.90,-0.77,0.11,9999,9999,-1.00,-1.00,277719
613,183.55,99.95,-0.77,0.11,9999,9999,-1.00,-1.00,278226
614,183.16,100.01,-0.77,0.11,9999,9999,-1.00,-1.00,278734
615,182.77,100.06,-0.77,0.11,9999,9999,-1.00,-1.00,279241
616,180.38,99.73,-0.79,0.08,179.89,98.31,337767264,-843967168,279458
617,180.12,99.40,-0.79,0.06,179.89,98.31,337767264,-843967168,279708
618,179.73,99.43,-0.79,0.06,9999,9999,-1.00,-1.00,280209
619,179.33,99.46,-0.79,0.06,9999,9999,-1.00,-1.00,280716
620,178.93,99.49,-0.79,0.06,9999,9999,-1.00,-1.00,281223
621,178.54,99.52,-0.79,0.06,9999,9999,-1.00,-1.00,281730
622,178.14,99.56,-0.79,0.06,9999,9999,-1.00,-1.00,282237
623,177.75,99.59,-0.79,0.06,9999,9999,-1.00,-1.00,282745
624,175.32,99.30,-0.77,0.04,175.26,98.31,337766848,-843967168,282957
625,174.93,99.32,-0.77,0.04,9999,9999,-1.00,-1.00,283458
626,174.54,99.34,-0.77,0.04,9999,9999,-1.00,-1.00,283965
627,174.15,99.35,-0.77,0.04,9999,9999,-1.00,-1.00,284472
628,173.77,99.37,-0.77,0.04,9999,9999,-1.00,-1.00,284979
629,171.89,99.29,-0.78,0.03,171.70,98.90,337766528,-843967104,285206
630,171.49,99.30,-0.78,0.03,9999,9999,-1.00,-1.00,285707
631,171.10,99.32,-0.78,0.03,9999,9999,-1.00,-1.00,286214
632,170.71,99.33,-0.78,0.03,9999,9999,-1.00,-1.00,286721
633,169.37,99.21,-0.76,0.02,169.56,98.90,337766336,-843967104,287206
634,168.99,99.22,-0.76,0.02,9999,9999,-1.00,-1.00,287707
635,168.61,99.23,-0.76,0.02,9999,9999,-1.00,-1.00,288214
636,168.22,99.24,-0.76,0.02,9999,9999,-1.00,-1.00,288721
637,167.84,99.25,-0.76,0.02,9999,9999,-1.00,-1.00,289229
638,166.54,99.10,-0.71,0.00,167.07,98.90,337766112,-843967104,289705
639,166.49,99.04,-0.70,-0.00,166.71,98.90,337766080,-843967104,289955
640,166.14,99.04,-0.70,-0.00,9999,9999,-1.00,-1.00,290456
641,165.78,99.04,-0.70,-0.00,9999,9999,-1.00,-1.00,290963
642,165.43,99.04,-0.70,-0.00,9999,9999,-1.00,-1.00,291470
643,165.08,99.04,-0.70,-0.00,9999,9999,-1.00,-1.00,291977
644,163.66,98.98,-0.69,-0.01,163.86,98.90,337765824,-843967104,292205
645,163.61,98.95,-0.68,-0.01,163.86,98.90,337765824,-843967104,292455
646,163.27,98.94,-0.68,-0.01,9999,9999,-1.00,-1.00,292956
647,162.93,98.94,-0.68,-0.01,9999,9999,-1.00,-1.00,293463
648,161.85,98.93,-0.68,-0.01,161.72,98.90,337765632,-843967104,293954
649,161.51,98.92,-0.68,-0.01,9999,9999,-1.00,-1.00,294455
650,161.17,98.92,-0.68,-0.01,9999,9999,-1.00,-1.00,294962
651,160.82,98.92,-0.68,-0.01,9999,9999,-1.00,-1.00,295469
652,160.48,98.91,-0.68,-0.01,9999,9999,-1.00,-1.00,295976
653,160.14,98.91,-0.68,-0.01,9999,9999,-1.00,-1.00,296484
654,158.13,98.89,-0.68,-0.01,158.16,98.90,337765312,-843967104,296953
655,157.78,98.90,-0.70,-0.00,157.45,98.90,337765248,-843967104,297206
656,157.56,98.91,-0.70,-0.00,157.45,98.90,337765248,-843967104,297454
657,157.21,98.90,-0.70,-0.00,9999,9999,-1.00,-1.00,297955
658,156.86,98.90,-0.70,-0.00,9999,9999,-1.00,-1.00,298462
659,156.51,98.90,-0.70,-0.00,9999,9999,-1.00,-1.00,298969
660,156.16,98.90,-0.70,-0.00,9999,9999,-1.00,-1.00,299476
661,155.81,98.90,-0.70,-0.00,9999,9999,-1.00,-1.00,299984
662,153.56,98.93,-0.73,0.00,153.18,98.90,337764864,-843967104,300204
663,153.20,98.93,-0.73,0.00,9999,9999,-1.00,-1.00,300705
664,152.83,98.93,-0.73,0.00,9999,9999,-1.00,-1.00,301212
665,152.46,98.93,-0.73,0.00,9999,9999,-1.00,-1.00,301719
666,152.10,98.93,-0.73,0.00,9999,9999,-1.00,-1.00,302226
667,151.73,98.93,-0.73,0.00,9999,9999,-1.00,-1.00,302733
668,151.37,98.93,-0.73,0.00,9999,9999,-1.00,-1.00,303240
669,151.00,98.93,-0.73,0.00,9999,9999,-1.00,-1.00,303747
670,150.63,98.93,-0.73,0.00,9999,9999,-1.00,-1.00,304254
671,150.27,98.93,-0.73,0.00,9999,9999,-1.00,-1.00,304762
672,149.90,98.93,-0.73,0.00,9999,9999,-1.00,-1.00,305270
673,149.54,98.94,-0.73,0.00,9999,9999,-1.00,-1.00,305777
674,149.17,98.94,-0.73,0.00,9999,9999,-1.00,-1.00,306284
675,148.81,98.94,-0.73,0.00,9999,9999,-1.00,-1.00,306791
676,143.26,99.27,-0.76,0.02,143.20,99.49,337763968,-843967040,307202
677,142.88,99.28,-0.76,0.02,9999,9999,-1.00,-1.00,307703
678,142.50,99.29,-0.76,0.02,9999,9999,-1.00,-1.00,308210
679,142.12,99.30,-0.76,0.02,9999,9999,-1.00,-1.00,308717
680,141.74,99.31,-0.76,0.02,9999,9999,-1.00,-1.00,309224
681,141.36,99.32,-0.76,0.02,9999,9999,-1.00,-1.00,309731
682,140.98,99.33,-0.76,0.02,9999,9999,-1.00,-1.00,310238
683,140.60,99.34,-0.76,0.02,9999,9999,-1.00,-1.00,310745
684,140.22,99.35,-0.76,0.02,9999,9999,-1.00,-1.00,311252
685,137.04,99.44,-0.74,0.02,137.15,99.49,337763424,-843967040,311700
686,136.83,99.46,-0.75,0.02,136.79,99.49,337763392,-843967040,311953
687,136.58,99.48,-0.75,0.02,136.43,99.49,337763360,-843967040,312201
688,136.20,99.49,-0.75,0.02,9999,9999,-1.00,-1.00,312702
689,135.83,99.49,-0.75,0.02,9999,9999,-1.00,-1.00,313210
690,135.45,99.50,-0.75,0.02,9999,9999,-1.00,-1.00,313718
691,135.07,99.51,-0.75,0.02,9999,9999,-1.00,-1.00,314225
692,134.70,99.52,-0.75,0.02,9999,9999,-1.00,-1.00,314732
693,134.32,99.53,-0.75,0.02,9999,9999,-1.00,-1.00,315239
694,133.95,99.54,-0.75,0.02,9999,9999,-1.00,-1.00,315746
695,133.57,99.55,-0.75,0.02,9999,9999,-1.00,-1.00,316253
696,133.20,99.56,-0.75,0.02,9999,9999,-1.00,-1.00,316760
697,132.82,99.57,-0.75,0.02,9999,9999,-1.00,-1.00,317267
698,132.44,99.58,-0.75,0.02,9999,9999,-1.00,-1.00,317775
699,132.07,99.59,-0.75,0.02,9999,9999,-1.00,-1.00,318283
700,131.69,99.60,-0.75,0.02,9999,9999,-1.00,-1.00,318790
701,126.38,100.18,-0.76,0.04,126.46,100.67,337762464,-843966912,319199
702,126.00,100.20,-0.76,0.04,9999,9999,-1.00,-1.00,319700
703,125.62,100.22,-0.76,0.04,9999,9999,-1.00,-1.00,320208
704,125.24,100.24,-0.76,0.04,9999,9999,-1.00,-1.00,320716
705,124.86,100.26,-0.76,0.04,9999,9999,-1.00,-1.00,321223
706,124.48,100.28,-0.76,0.04,9999,9999,-1.00,-1.00,321730
707,122.47,100.50,-0.75,0.04,122.54,100.67,337762112,-843966912,321948
708,122.09,100.52,-0.75,0.04,9999,9999,-1.00,-1.00,322449
709,121.71,100.54,-0.75,0.04,9999,9999,-1.00,-1.00,322956
710,121.34,100.57,-0.75,0.04,9999,9999,-1.00,-1.00,323463
711,120.96,100.59,-0.75,0.04,9999,9999,-1.00,-1.00,323970
712,120.58,100.61,-0.75,0.04,9999,9999,-1.00,-1.00,324477
713,120.20,100.63,-0.75,0.04,9999,9999,-1.00,-1.00,324985
714,119.83,100.65,-0.75,0.04,9999,9999,-1.00,-1.00,325493
715,119.45,100.67,-0.75,0.04,9999,9999,-1.00,-1.00,326000
716,119.07,100.70,-0.75,0.04,9999,9999,-1.00,-1.00,326507
717,118.69,100.72,-0.75,0.04,9999,9999,-1.00,-1.00,327014
718,118.32,100.74,-0.75,0.04,9999,9999,-1.00,-1.00,327521
719,117.94,100.76,-0.75,0.04,9999,9999,-1.00,-1.00,328028
720,117.56,100.78,-0.75,0.04,9999,9999,-1.00,-1.00,328535
721,117.18,100.80,-0.75,0.04,9999,9999,-1.00,-1.00,329042
722,116.81,100.83,-0.75,0.04,9999,9999,-1.00,-1.00,329550
723,110.56,100.90,-0.77,0.04,110.43,100.67,337761024,-843966912,329697
724,110.17,100.92,-0.77,0.04,9999,9999,-1.00,-1.00,330198
725,109.78,100.94,-0.77,0.04,9999,9999,-1.00,-1.00,330705
726,109.39,100.96,-0.77,0.04,9999,9999,-1.00,-1.00,331213
727,108.01,100.62,-0.77,0.02,107.94,100.08,337760800,-843966976,331446
728,107.49,100.47,-0.78,0.02,107.22,100.08,337760736,-843966976,331945
729,107.10,100.47,-0.78,0.02,9999,9999,-1.00,-1.00,332446
730,106.65,100.38,-0.78,0.01,106.51,100.08,337760672,-843966976,332453
731,106.26,100.39,-0.78,0.01,9999,9999,-1.00,-1.00,332954
732,105.86,100.40,-0.78,0.01,9999,9999,-1.00,-1.00,333461
733,104.83,100.48,-0.79,0.02,104.73,100.67,337760512,-843966912,333696
734,104.44,100.49,-0.79,0.02,9999,9999,-1.00,-1.00,334197
735,104.04,100.49,-0.79,0.02,9999,9999,-1.00,-1.00,334704
736,103.65,100.50,-0.79,0.02,9999,9999,-1.00,-1.00,335211
737,103.25,100.51,-0.79,0.02,9999,9999,-1.00,-1.00,335718
738,102.86,100.52,-0.79,0.02,9999,9999,-1.00,-1.00,336225
739,102.46,100.53,-0.79,0.02,9999,9999,-1.00,-1.00,336732
740,99.72,100.61,-0.79,0.02,99.74,100.67,337760064,-843966912,337195
741,99.21,100.64,-0.80,0.02,99.03,100.67,337760000,-843966912,337694
742,98.81,100.65,-0.80,0.02,9999,9999,-1.00,-1.00,338195
743,98.41,100.66,-0.80,0.02,9999,9999,-1.00,-1.00,338702
744,98.01,100.67,-0.80,0.02,9999,9999,-1.00,-1.00,339209
745,97.61,100.68,-0.80,0.02,9999,9999,-1.00,-1.00,339716
746,97.21,100.69,-0.80,0.02,9999,9999,-1.00,-1.00,340224
747,95.25,100.70,-0.78,0.01,95.47,100.67,337759680,-843966912,340444
748,94.82,100.70,-0.78,0.02,94.76,100.67,337759616,-843966912,340943
749,94.43,100.71,-0.78,0.02,9999,9999,-1.00,-1.00,341444
750,93.91,100.70,-0.78,0.01,94.04,100.67,337759552,-843966912,341694
751,93.52,100.71,-0.78,0.01,9999,9999,-1.00,-1.00,342195
752,92.95,100.71,-0.77,0.01,92.97,100.67,337759456,-843966912,342444
753,92.72,100.71,-0.78,0.01,92.62,100.67,337759424,-843966912,342695
754,92.33,100.72,-0.78,0.01,9999,9999,-1.00,-1.00,343196
755,91.56,100.72,-0.78,0.01,91.55,100.67,337759328,-843966912,343693
756,91.17,100.73,-0.78,0.01,9999,9999,-1.00,-1.00,344194
757,90.32,100.74,-0.78,0.01,90.12,100.67,337759200,-843966912,344693
758,89.93,100.74,-0.78,0.01,9999,9999,-1.00,-1.00,345194
759,89.54,100.75,-0.78,0.01,9999,9999,-1.00,-1.00,345701
760,88.60,100.74,-0.78,0.01,88.70,100.67,337759072,-843966912,345943
761,88.21,100.75,-0.78,0.01,9999,9999,-1.00,-1.00,346444
762,87.82,100.75,-0.78,0.01,9999,9999,-1.00,-1.00,346951
763,87.43,100.76,-0.78,0.01,9999,9999,-1.00,-1.00,347458
764,87.04,100.76,-0.78,0.01,9999,9999,-1.00,-1.00,347965
765,85.25,100.89,-0.76,0.02,85.49,101.27,337758784,-843966848,348442
766,84.87,100.90,-0.76,0.02,9999,9999,-1.00,-1.00,348943
767,84.49,100.90,-0.76,0.02,9999,9999,-1.00,-1.00,349450
768,84.10,100.91,-0.76,0.02,9999,9999,-1.00,-1.00,349957
769,83.72,100.92,-0.76,0.02,9999,9999,-1.00,-1.00,350464
770,83.34,100.93,-0.76,0.02,9999,9999,-1.00,-1.00,350971
771,82.95,100.94,-0.76,0.02,9999,9999,-1.00,-1.00,351479
772,82.57,100.94,-0.76,0.02,9999,9999,-1.00,-1.00,351986
773,82.19,100.95,-0.76,0.02,9999,9999,-1.00,-1.00,352493
774,79.20,101.06,-0.73,0.02,79.44,101.27,337758240,-843966848,352943
775,78.83,101.07,-0.73,0.02,9999,9999,-1.00,-1.00,353444
776,78.46,101.08,-0.73,0.02,9999,9999,-1.00,-1.00,353952
777,78.09,101.09,-0.73,0.02,9999,9999,-1.00,-1.00,354459
778,77.73,101.09,-0.73,0.02,9999,9999,-1.00,-1.00,354966
779,77.36,101.10,-0.73,0.02,9999,9999,-1.00,-1.00,355473
780,76.99,101.11,-0.73,0.02,9999,9999,-1.00,-1.00,355980
781,75.14,101.40,-0.70,0.02,75.52,101.86,337757888,-843966784,356194
782,74.80,101.37,-0.70,0.02,74.81,101.27,337757824,-843966848,356690
783,74.35,101.36,-0.71,0.02,74.09,101.27,337757760,-843966848,357190
784,73.99,101.37,-0.71,0.02,9999,9999,-1.00,-1.00,357691
785,73.21,101.37,-0.71,0.02,73.03,101.27,337757664,-843966848,358190
786,72.86,101.38,-0.71,0.02,9999,9999,-1.00,-1.00,358691
787,72.50,101.39,-0.71,0.02,9999,9999,-1.00,-1.00,359198
788,72.15,101.40,-0.71,0.02,9999,9999,-1.00,-1.00,359705
789,71.79,101.41,-0.71,0.02,9999,9999,-1.00,-1.00,360212
790,71.43,101.42,-0.71,0.02,9999,9999,-1.00,-1.00,360719
791,71.08,101.43,-0.71,0.02,9999,9999,-1.00,-1.00,361226
792,70.72,101.44,-0.71,0.02,9999,9999,-1.00,-1.00,361733
793,70.36,101.45,-0.71,0.02,9999,9999,-1.00,-1.00,362240
794,70.01,101.46,-0.71,0.02,9999,9999,-1.00,-1.00,362747
795,69.65,101.47,-0.71,0.02,9999,9999,-1.00,-1.00,363255
796,69.29,101.48,-0.71,0.02,9999,9999,-1.00,-1.00,363762
797,68.94,101.49,-0.71,0.02,9999,9999,-1.00,-1.00,364269
798,64.83,101.17,-0.69,-0.00,64.83,100.67,337756928,-843966912,364438
799,64.48,101.17,-0.69,-0.00,9999,9999,-1.00,-1.00,364939
800,64.14,101.17,-0.69,-0.00,9999,9999,-1.00,-1.00,365446
801,63.79,101.16,-0.69,-0.00,9999,9999,-1.00,-1.00,365953
802,63.45,101.16,-0.69,-0.00,9999,9999,-1.00,-1.00,366460
803,63.11,101.16,-0.69,-0.00,9999,9999,-1.00,-1.00,366968
804,62.76,101.16,-0.69,-0.00,9999,9999,-1.00,-1.00,367475
805,62.42,101.16,-0.69,-0.00,9999,9999,-1.00,-1.00,367982
806,60.17,100.07,-0.65,-0.05,60.20,98.90,337756512,-843967104,368438
807,59.85,100.04,-0.65,-0.05,9999,9999,-1.00,-1.00,368939
808,59.52,100.02,-0.65,-0.05,9999,9999,-1.00,-1.00,369446
809,59.20,99.99,-0.65,-0.05,9999,9999,-1.00,-1.00,369954
810,58.08,99.04,-0.63,-0.09,58.06,97.71,337756320,-843967232,370437
811,57.76,99.00,-0.63,-0.09,9999,9999,-1.00,-1.00,370938
812,57.44,98.95,-0.63,-0.09,9999,9999,-1.00,-1.00,371446
813,57.13,98.91,-0.63,-0.09,9999,9999,-1.00,-1.00,371953
814,56.44,97.57,-0.59,-0.14,56.64,95.34,337756192,-843967488,372190
815,56.14,97.50,-0.59,-0.14,9999,9999,-1.00,-1.00,372691
816,55.79,96.45,-0.56,-0.19,55.93,94.16,337756128,-843967616,373186
817,55.51,96.36,-0.56,-0.19,9999,9999,-1.00,-1.00,373687
818,55.12,95.39,-0.54,-0.22,55.21,92.98,337756064,-843967744,374187
819,54.85,95.27,-0.54,-0.22,9999,9999,-1.00,-1.00,374688
820,54.57,94.31,-0.50,-0.26,54.86,91.79,337756032,-843967872,375186
821,54.43,93.61,-0.49,-0.29,54.50,91.20,337756000,-843967936,375686
822,54.19,93.47,-0.49,-0.29,9999,9999,-1.00,-1.00,376187
823,53.88,92.78,-0.47,-0.32,53.79,90.61,337755936,-843968000,376436
824,53.65,92.20,-0.47,-0.34,53.43,90.01,337755904,-843968064,376936
825,53.40,91.66,-0.46,-0.36,53.08,89.42,337755872,-843968128,377436
826,53.16,91.48,-0.46,-0.36,9999,9999,-1.00,-1.00,377937
827,52.93,91.30,-0.46,-0.36,9999,9999,-1.00,-1.00,378445
828,52.27,90.34,-0.45,-0.39,52.01,88.24,337755776,-843968256,378935
829,52.04,90.15,-0.45,-0.39,9999,9999,-1.00,-1.00,379436
830,51.81,89.95,-0.45,-0.39,9999,9999,-1.00,-1.00,379943
831,51.59,89.76,-0.45,-0.39,9999,9999,-1.00,-1.00,380451
832,51.36,89.56,-0.45,-0.39,9999,9999,-1.00,-1.00,380958
833,51.13,89.37,-0.45,-0.39,9999,9999,-1.00,-1.00,381465
834,50.91,89.17,-0.45,-0.39,9999,9999,-1.00,-1.00,381972
835,50.68,88.98,-0.45,-0.39,9999,9999,-1.00,-1.00,382479
836,50.45,88.78,-0.45,-0.39,9999,9999,-1.00,-1.00,382986
837,50.23,88.59,-0.45,-0.39,9999,9999,-1.00,-1.00,383493
838,49.23,85.06,-0.35,-0.49,49.16,82.32,337755520,-843968896,383684
839,49.05,84.81,-0.35,-0.49,9999,9999,-1.00,-1.00,384185
840,48.88,84.56,-0.35,-0.49,9999,9999,-1.00,-1.00,384692
841,48.40,82.79,-0.34,-0.55,48.09,80.54,337755424,-843969088,385184
842,48.23,82.52,-0.34,-0.55,9999,9999,-1.00,-1.00,385685
843,48.06,82.25,-0.34,-0.55,9999,9999,-1.00,-1.00,386192
844,47.61,80.93,-0.34,-0.58,47.38,79.36,337755360,-843969216,386434
845,47.44,80.64,-0.34,-0.58,9999,9999,-1.00,-1.00,386935
846,47.11,79.98,-0.35,-0.60,46.67,78.76,337755296,-843969280,386942
847,46.94,79.68,-0.35,-0.60,9999,9999,-1.00,-1.00,387443
848,46.76,79.38,-0.35,-0.60,9999,9999,-1.00,-1.00,387950
849,46.59,79.08,-0.35,-0.60,9999,9999,-1.00,-1.00,388457
850,46.41,78.78,-0.35,-0.60,9999,9999,-1.00,-1.00,388964
851,46.24,78.48,-0.35,-0.60,9999,9999,-1.00,-1.00,389471
852,45.18,76.36,-0.35,-0.62,44.88,75.21,337755136,-843969664,389683
853,44.88,75.72,-0.36,-0.64,44.53,74.62,337755104,-843969728,390182
854,44.70,75.40,-0.36,-0.64,9999,9999,-1.00,-1.00,390683
855,44.52,75.08,-0.36,-0.64,9999,9999,-1.00,-1.00,391190
856,43.88,74.10,-0.37,-0.65,43.46,73.43,337755008,-843969856,391435
857,43.70,73.77,-0.37,-0.65,9999,9999,-1.00,-1.00,391936
858,43.51,73.45,-0.37,-0.65,9999,9999,-1.00,-1.00,392443
859,42.95,72.56,-0.38,-0.65,42.75,72.25,337754944,-843969984,392683
860,42.76,72.23,-0.38,-0.65,9999,9999,-1.00,-1.00,393184
861,42.57,71.91,-0.38,-0.65,9999,9999,-1.00,-1.00,393691
862,41.89,70.84,-0.39,-0.65,41.68,70.47,337754848,-843970176,394182
863,41.70,70.51,-0.39,-0.65,9999,9999,-1.00,-1.00,394683
864,41.28,69.87,-0.40,-0.66,40.97,69.29,337754784,-843970304,394932
865,41.08,69.54,-0.40,-0.66,9999,9999,-1.00,-1.00,395433
866,40.66,68.84,-0.40,-0.66,40.61,68.70,337754752,-843970368,395934
867,40.33,68.45,-0.41,-0.66,39.90,68.10,337754688,-843970432,396431
868,40.00,68.04,-0.43,-0.67,39.54,67.51,337754656,-843970496,396932
869,39.84,67.74,-0.43,-0.68,39.54,66.92,337754656,-843970560,397182
870,39.55,67.35,-0.44,-0.68,39.18,66.92,337754624,-843970560,397681
871,39.25,66.93,-0.44,-0.68,38.83,66.33,337754592,-843970624,398181
872,39.05,66.65,-0.45,-0.69,38.47,65.73,337754560,-843970688,398431
873,38.82,66.31,-0.45,-0.69,9999,9999,-1.00,-1.00,398932
874,38.59,65.96,-0.45,-0.69,9999,9999,-1.00,-1.00,399440
875,37.98,65.04,-0.46,-0.69,37.76,64.55,337754496,-843970816,399681
876,37.69,64.61,-0.46,-0.70,37.40,63.96,337754464,-843970880,400181
877,37.50,64.31,-0.47,-0.70,37.05,63.37,337754432,-843970944,400434
878,37.26,63.96,-0.47,-0.70,9999,9999,-1.00,-1.00,400935
879,37.02,63.61,-0.47,-0.70,9999,9999,-1.00,-1.00,401443
880,36.26,62.42,-0.48,-0.71,35.98,61.59,337754336,-843971136,401930
881,36.02,62.07,-0.48,-0.71,9999,9999,-1.00,-1.00,402432
882,35.78,61.71,-0.48,-0.71,9999,9999,-1.00,-1.00,402939
883,35.15,60.59,-0.47,-0.72,35.27,60.40,337754272,-843971264,403430
884,35.02,60.32,-0.47,-0.72,34.91,59.81,337754240,-843971328,403680
885,34.91,60.09,-0.47,-0.73,34.91,59.81,337754240,-843971328,403930
886,34.66,59.66,-0.47,-0.73,34.55,59.22,337754208,-843971392,404429
887,34.43,59.29,-0.47,-0.73,9999,9999,-1.00,-1.00,404930
888,34.20,58.88,-0.47,-0.74,34.20,58.63,337754176,-843971456,404938
889,34.06,58.63,-0.47,-0.74,33.84,58.04,337754144,-843971520,405180
890,33.82,58.26,-0.47,-0.74,9999,9999,-1.00,-1.00,405681
891,33.48,57.67,-0.47,-0.74,33.48,57.44,337754112,-843971584,405929
892,33.25,57.29,-0.47,-0.74,9999,9999,-1.00,-1.00,406430
893,33.01,56.92,-0.47,-0.74,9999,9999,-1.00,-1.00,406937
894,32.78,56.55,-0.47,-0.74,9999,9999,-1.00,-1.00,407444
895,31.76,55.18,-0.48,-0.73,31.70,55.67,337753952,-843971776,407928
896,31.52,54.82,-0.48,-0.73,9999,9999,-1.00,-1.00,408429
897,31.28,54.45,-0.48,-0.73,9999,9999,-1.00,-1.00,408936
898,31.04,54.08,-0.48,-0.73,9999,9999,-1.00,-1.00,409443
899,30.13,52.77,-0.48,-0.72,30.28,53.30,337753824,-843972032,409928
900,29.89,52.41,-0.48,-0.72,9999,9999,-1.00,-1.00,410429
901,29.51,52.05,-0.48,-0.71,29.57,52.71,337753760,-843972096,410680
902,29.27,51.69,-0.48,-0.71,9999,9999,-1.00,-1.00,411181
903,29.03,51.34,-0.48,-0.71,9999,9999,-1.00,-1.00,411688
904,28.25,50.84,-0.50,-0.68,28.14,52.11,337753632,-843972160,411928
905,27.91,50.71,-0.51,-0.67,27.79,51.52,337753600,-843972224,412428
906,27.65,50.37,-0.51,-0.67,9999,9999,-1.00,-1.00,412929
907,27.40,50.04,-0.51,-0.67,9999,9999,-1.00,-1.00,413436
908,27.14,49.70,-0.51,-0.67,9999,9999,-1.00,-1.00,413944
909,26.88,49.37,-0.51,-0.67,9999,9999,-1.00,-1.00,414451
910,25.33,48.40,-0.54,-0.62,25.29,50.34,337753376,-843972352,414927
911,25.06,48.57,-0.56,-0.60,24.94,49.75,337753344,-843972416,415179
912,24.71,48.44,-0.57,-0.59,24.58,49.15,337753312,-843972480,415677
913,24.55,48.43,-0.57,-0.58,24.58,49.15,337753312,-843972480,415927
914,24.27,48.13,-0.57,-0.58,9999,9999,-1.00,-1.00,416428
915,23.98,47.84,-0.57,-0.58,9999,9999,-1.00,-1.00,416935
916,23.12,47.04,-0.57,-0.58,23.15,47.38,337753184,-843972672,417427
917,22.92,46.98,-0.58,-0.57,22.80,47.38,337753152,-843972672,417677
918,22.63,46.69,-0.58,-0.57,9999,9999,-1.00,-1.00,418178
919,22.34,46.40,-0.58,-0.57,9999,9999,-1.00,-1.00,418685
920,22.05,46.11,-0.58,-0.57,9999,9999,-1.00,-1.00,419193
921,21.76,45.83,-0.58,-0.57,9999,9999,-1.00,-1.00,419701
922,20.42,44.51,-0.57,-0.57,20.66,45.01,337752960,-843972928,420176
923,20.14,44.23,-0.57,-0.57,9999,9999,-1.00,-1.00,420677
924,19.89,43.91,-0.55,-0.56,20.30,44.42,337752928,-843972992,420926
925,19.62,43.63,-0.55,-0.56,9999,9999,-1.00,-1.00,421427
926,19.34,43.34,-0.55,-0.56,9999,9999,-1.00,-1.00,421934
927,19.06,43.06,-0.55,-0.56,9999,9999,-1.00,-1.00,422441
928,18.79,42.78,-0.55,-0.56,9999,9999,-1.00,-1.00,422949
929,18.51,42.50,-0.55,-0.56,9999,9999,-1.00,-1.00,423457
930,18.23,42.22,-0.55,-0.56,9999,9999,-1.00,-1.00,423964
931,16.93,40.65,-0.51,-0.55,17.45,41.45,337752672,-843973312,424177
932,16.67,40.37,-0.51,-0.55,9999,9999,-1.00,-1.00,424678
933,16.41,40.10,-0.51,-0.55,9999,9999,-1.00,-1.00,425185
934,16.01,39.62,-0.50,-0.54,16.39,40.27,337752576,-843973440,425425
935,15.76,39.35,-0.50,-0.54,9999,9999,-1.00,-1.00,425926
936,15.51,39.08,-0.50,-0.54,9999,9999,-1.00,-1.00,426433
937,15.26,38.81,-0.50,-0.54,9999,9999,-1.00,-1.00,426940
938,15.01,38.54,-0.50,-0.54,9999,9999,-1.00,-1.00,427447
939,14.01,37.20,-0.48,-0.54,14.25,37.31,337752384,-843973760,427924
940,14.00,37.11,-0.47,-0.54,14.25,37.31,337752384,-843973760,428175
941,13.77,36.84,-0.47,-0.54,9999,9999,-1.00,-1.00,428676
942,13.53,36.57,-0.47,-0.54,9999,9999,-1.00,-1.00,429184
943,13.17,35.79,-0.45,-0.55,13.54,35.53,337752320,-843973952,429424
944,13.20,35.50,-0.43,-0.56,13.54,34.94,337752320,-843974016,429674
945,12.98,35.22,-0.43,-0.56,9999,9999,-1.00,-1.00,430175
946,12.77,34.94,-0.43,-0.56,9999,9999,-1.00,-1.00,430682
947,12.55,34.66,-0.43,-0.56,9999,9999,-1.00,-1.00,431190
948,12.18,33.52,-0.39,-0.57,12.82,33.16,337752256,-843974208,431424
949,12.14,33.09,-0.37,-0.58,12.47,32.57,337752224,-843974272,431924
950,11.95,32.80,-0.37,-0.58,9999,9999,-1.00,-1.00,432425
951,11.77,32.51,-0.37,-0.58,9999,9999,-1.00,-1.00,432933
952,11.58,32.22,-0.37,-0.58,9999,9999,-1.00,-1.00,433441
953,11.37,30.79,-0.32,-0.61,12.11,30.20,337752192,-843974528,433924
954,11.51,30.29,-0.28,-0.62,12.11,29.61,337752192,-843974592,434423
955,11.37,29.98,-0.28,-0.62,9999,9999,-1.00,-1.00,434924
956,11.23,29.67,-0.28,-0.62,9999,9999,-1.00,-1.00,435431
957,11.09,29.36,-0.28,-0.62,9999,9999,-1.00,-1.00,435938
958,10.95,28.00,-0.25,-0.64,11.40,27.24,337752128,-843974848,436172
959,10.83,27.67,-0.25,-0.64,9999,9999,-1.00,-1.00,436673
960,10.71,27.35,-0.25,-0.64,9999,9999,-1.00,-1.00,437180
961,10.58,27.03,-0.25,-0.64,9999,9999,-1.00,-1.00,437687
962,10.72,25.45,-0.18,-0.67,11.40,24.87,337752128,-843975104,438172
963,11.06,25.04,-0.15,-0.68,11.76,24.28,337752160,-843975168,438422
964,10.98,24.69,-0.15,-0.68,9999,9999,-1.00,-1.00,438923
965,10.91,24.35,-0.15,-0.68,9999,9999,-1.00,-1.00,439430
966,10.83,24.01,-0.15,-0.68,9999,9999,-1.00,-1.00,439937
967,10.76,23.67,-0.15,-0.68,9999,9999,-1.00,-1.00,440444
968,10.86,22.02,-0.11,-0.69,11.40,21.91,337752128,-843975424,440672
969,10.81,21.67,-0.11,-0.69,9999,9999,-1.00,-1.00,441174
970,10.76,21.32,-0.11,-0.69,9999,9999,-1.00,-1.00,441681
971,10.81,20.35,-0.09,-0.70,11.04,20.13,337752096,-843975616,441921
972,10.76,20.00,-0.09,-0.70,9999,9999,-1.00,-1.00,442422
973,10.82,19.21,-0.07,-0.71,11.04,18.95,337752096,-843975744,442921
974,10.87,18.75,-0.07,-0.72,11.04,18.36,337752096,-843975808,443421
975,10.90,18.28,-0.06,-0.72,11.04,17.77,337752096,-843975872,443921
976,10.87,17.91,-0.06,-0.72,9999,9999,-1.00,-1.00,444422
977,10.84,17.55,-0.06,-0.72,9999,9999,-1.00,-1.00,444929
978,10.75,16.64,-0.06,-0.72,10.69,16.58,337752064,-843976000,445171
979,10.63,16.24,-0.07,-0.72,10.33,15.99,337752032,-843976064,445671
980,10.54,15.81,-0.07,-0.73,10.33,15.40,337752032,-843976128,446171
981,10.51,15.44,-0.07,-0.73,9999,9999,-1.00,-1.00,446672
982,10.33,14.65,-0.08,-0.73,9.97,14.21,337752000,-843976256,447170
983,10.29,14.28,-0.08,-0.73,9999,9999,-1.00,-1.00,447671
984,10.25,13.92,-0.08,-0.73,9999,9999,-1.00,-1.00,448178
985,10.21,13.55,-0.08,-0.73,9999,9999,-1.00,-1.00,448685
986,10.17,13.19,-0.08,-0.73,9999,9999,-1.00,-1.00,449192
987,10.12,12.82,-0.08,-0.73,9999,9999,-1.00,-1.00,449700
988,10.08,12.45,-0.08,-0.73,9999,9999,-1.00,-1.00,450208
989,10.04,12.09,-0.08,-0.73,9999,9999,-1.00,-1.00,450715
990,10.00,11.72,-0.08,-0.73,9999,9999,-1.00,-1.00,451222
991,9.96,11.36,-0.08,-0.73,9999,9999,-1.00,-1.00,451729
992,9.91,10.99,-0.08,-0.73,9999,9999,-1.00,-1.00,452236
993,9.03,7.41,-0.12,-0.71,8.91,7.70,337751904,-843976960,452419
994,8.94,7.07,-0.12,-0.71,8.91,7.11,337751904,-843977024,452919
995,8.88,6.72,-0.12,-0.71,9999,9999,-1.00,-1.00,453420
996,8.82,6.36,-0.12,-0.71,9999,9999,-1.00,-1.00,453927
997,8.76,6.00,-0.12,-0.71,9999,9999,-1.00,-1.00,454435
998,8.37,4.93,-0.14,-0.70,8.19,5.33,337751840,-843977216,454669
999,8.15,4.63,-0.15,-0.70,7.84,4.74,337751808,-843977280,455169
1000,7.92,4.27,-0.16,-0.70,7.48,4.15,337751776,-843977344,455670
1001,7.84,3.92,-0.16,-0.70,9999,9999,-1.00,-1.00,456171
1002,7.76,3.57,-0.16,-0.70,9999,9999,-1.00,-1.00,456678
1003,7.68,3.22,-0.16,-0.70,9999,9999,-1.00,-1.00,457185
1004,7.60,2.87,-0.16,-0.70,9999,9999,-1.00,-1.00,457692
1005,7.52,2.52,-0.16,-0.70,9999,9999,-1.00,-1.00,458199
1006,6.01,1.07,-0.26,-0.65,4.99,2.37,337751552,-843977536,458668
1007,5.29,1.16,-0.32,-0.62,4.27,2.37,337751488,-843977536,459167
1008,5.13,0.85,-0.32,-0.62,9999,9999,-1.00,-1.00,459668
1009,4.97,0.54,-0.32,-0.62,9999,9999,-1.00,-1.00,460175
1010,4.81,0.23,-0.32,-0.62,9999,9999,-1.00,-1.00,460682
1011,4.65,-0.09,-0.32,-0.62,9999,9999,-1.00,-1.00,461189
1012,2.81,-0.50,-0.43,-0.56,1.78,1.78,337751264,-843977600,461417
1013,2.59,-0.77,-0.43,-0.56,9999,9999,-1.00,-1.00,461918
1014,2.37,-1.05,-0.43,-0.56,9999,9999,-1.00,-1.00,462425
1015,2.16,-1.33,-0.43,-0.56,9999,9999,-1.00,-1.00,462932
1016,1.94,-1.61,-0.43,-0.56,9999,9999,-1.00,-1.00,463440
1017,1.72,-1.89,-0.43,-0.56,9999,9999,-1.00,-1.00,463948
1018,-0.17,-1.77,-0.50,-0.46,0.00,1.78,337751104,-843977600,464416
1019,-0.31,-0.97,-0.50,-0.41,0.00,1.78,337751104,-843977600,464668
1020,-0.38,-0.50,-0.51,-0.38,0.00,1.78,337751104,-843977600,464916
1021,-0.43,-0.19,-0.50,-0.36,0.00,1.78,337751104,-843977600,465166
1022,-0.47,0.03,-0.50,-0.34,0.00,1.78,337751104,-843977600,465417
